-- phpMyAdmin SQL Dump
-- version 4.8.4
-- https://www.phpmyadmin.net/
--
-- Host: 127.0.0.1
-- Generation Time: Apr 23, 2019 at 06:29 PM
-- Server version: 10.1.37-MariaDB
-- PHP Version: 7.2.14

SET SQL_MODE = "NO_AUTO_VALUE_ON_ZERO";
SET AUTOCOMMIT = 0;
START TRANSACTION;
SET time_zone = "+00:00";


/*!40101 SET @OLD_CHARACTER_SET_CLIENT=@@CHARACTER_SET_CLIENT */;
/*!40101 SET @OLD_CHARACTER_SET_RESULTS=@@CHARACTER_SET_RESULTS */;
/*!40101 SET @OLD_COLLATION_CONNECTION=@@COLLATION_CONNECTION */;
/*!40101 SET NAMES utf8mb4 */;

--
-- Database: `ics325safedb`
--

-- --------------------------------------------------------

--
-- Table structure for table `cadence`
--

CREATE TABLE `cadence` (
  `sequence` int(11) NOT NULL,
  `PI_id` varchar(255) NOT NULL,
  `iteration_id` varchar(255) NOT NULL,
  `start_date` date NOT NULL,
  `end_date` date NOT NULL,
  `duration` int(5) DEFAULT NULL,
  `safe_comments` varchar(255) DEFAULT NULL,
  `release_overlay` varchar(255) DEFAULT NULL,
  `comments` varchar(255) DEFAULT NULL
) ENGINE=InnoDB DEFAULT CHARSET=latin1;

--
-- Dumping data for table `cadence`
--

INSERT INTO `cadence` (`sequence`, `PI_id`, `iteration_id`, `start_date`, `end_date`, `duration`, `safe_comments`, `release_overlay`, `comments`) VALUES
(1, 'PI-1902', 'I-1902-1', '2018-11-12', '2018-11-23', 10, 'Solution Demos', 'release_overlay', 'other_comments'),
(2, 'PI-1902', 'I-1902-2', '2018-11-26', '2018-12-07', 10, '', '', ''),
(3, 'PI-1902', 'I-1902-3', '2018-12-10', '2018-12-21', 10, '', '', ''),
(4, 'PI-1902', 'I-1902-4', '2018-12-24', '2019-01-04', 10, '', '', ''),
(5, 'PI-1902', 'I-1902-5', '2019-01-07', '2019-01-18', 10, '', '', ''),
(6, 'PI-1902', 'I-1902-6', '2019-01-21', '2019-01-25', 5, '', '', ''),
(7, 'PI-1902', 'I-1902-IP', '2019-01-28', '2019-02-08', 10, '', '', ''),
(8, 'PI-1905', 'I-1905-1', '2019-02-11', '2019-02-22', 10, '', '', ''),
(9, 'PI-1905', 'I-1905-2', '2019-02-25', '2019-03-08', 10, '', '', ''),
(10, 'PI-1905', 'I-1905-3', '2019-03-11', '2019-03-22', 10, 'safe_comments', 'release_overlay', 'other_comments'),
(11, 'PI-1905', 'I-1905-4', '2019-03-25', '2019-04-05', 10, 'Story Freeze', '', ''),
(12, 'PI-1905', 'I-1905-5', '2019-04-08', '2019-04-19', 10, '', '', ''),
(13, 'PI-1905', 'I-1905-6', '2019-04-22', '2019-04-26', 5, 'Solution Demos', '', ''),
(14, 'PI-1905', 'I-1905-IP', '2019-04-29', '2019-05-10', 10, '', '', ''),
(15, 'PI-1908', 'I-1908-1', '2019-05-13', '2019-05-24', 10, '', '', ''),
(16, 'PI-1908', 'I-1908-2', '2019-05-27', '2019-06-07', 10, '', '', ''),
(17, 'PI-1908', 'I-1908-3', '2019-06-10', '2019-06-21', 10, '', '', ''),
(18, 'PI-1908', 'I-1908-4', '2019-06-24', '2019-07-05', 10, '', '', ''),
(19, 'PI-1908', 'I-1908-5', '2019-07-08', '2019-07-19', 10, 'safe_comments', 'release_overlay', 'other_comments'),
(20, 'PI-1908', 'I-1908-6', '2019-07-22', '2019-07-26', 5, 'Story Freeze', '', ''),
(21, 'PI-1908', 'I-1908-IP', '2019-07-29', '2019-08-09', 10, '', '', ''),
(22, 'PI-1911', 'I-1911-1', '2019-08-12', '2019-08-23', 10, 'Solution Demos', '', ''),
(23, 'PI-1911', 'I-1911-2', '2019-08-26', '2019-09-06', 10, '', '', ''),
(24, 'PI-1911', 'I-1911-3', '2019-09-09', '2019-09-20', 10, '', '', ''),
(25, 'PI-1911', 'I-1911-4', '2019-09-23', '2019-10-04', 10, '', '', ''),
(26, 'PI-1911', 'I-1911-5', '2019-10-07', '2019-10-18', 10, '', '', ''),
(27, 'PI-1911', 'I-1911-6', '2019-10-21', '2019-10-25', 5, '', '', ''),
(28, 'PI-1911', 'I-1911-IP', '2019-10-28', '2019-11-08', 10, '', '', ''),
(29, 'PI-2002', 'I-2002-1', '2019-11-11', '2019-11-22', 10, '', '', ''),
(30, 'PI-2002', 'I-2002-2', '2019-11-25', '2019-12-06', 10, '', '', ''),
(31, 'PI-2002', 'I-2002-3', '2019-12-09', '2019-12-20', 10, '', '', ''),
(32, 'PI-2002', 'I-2002-4', '2019-12-23', '2020-01-03', 10, '', '', ''),
(33, 'PI-2002', 'I-2002-5', '2020-01-06', '2020-01-17', 10, '', '', ''),
(34, 'PI-2002', 'I-2002-6', '2020-01-20', '2020-01-24', 5, '', '', ''),
(35, 'PI-2002', 'I-2002-IP', '2020-01-27', '2020-02-07', 10, 'safe_comments', 'release_overlay', 'other_comments'),
(36, 'PI-2005', 'I-2005-1', '2020-02-10', '2020-02-21', 10, 'Story Freeze', '', ''),
(37, 'PI-2005', 'I-2005-2', '2020-02-24', '2020-03-06', 10, '', '', ''),
(38, 'PI-2005', 'I-2005-3', '2020-03-09', '2020-03-20', 10, 'Solution Demos', '', ''),
(39, 'PI-2005', 'I-2005-4', '2020-03-23', '2020-04-03', 10, '', '', ''),
(40, 'PI-2005', 'I-2005-5', '2020-04-06', '2020-04-17', 10, '', '', ''),
(41, 'PI-2005', 'I-2005-6', '2020-04-20', '2020-04-24', 5, '', '', ''),
(42, 'PI-2005', 'I-2005-IP', '2020-04-27', '2020-05-08', 10, '', '', ''),
(43, 'PI-2008', 'I-2008-1', '2020-05-11', '2020-05-22', 10, '', '', ''),
(44, 'PI-2008', 'I-2008-2', '2020-05-25', '2020-06-05', 10, '', '', ''),
(45, 'PI-2008', 'I-2008-3', '2020-06-08', '2020-06-19', 10, 'safe_comments', 'release_overlay', 'other_comments'),
(46, 'PI-2008', 'I-2008-4', '2020-06-22', '2020-07-03', 10, 'Story Freeze', '', ''),
(47, 'PI-2008', 'I-2008-5', '2020-07-06', '2020-07-17', 10, '', '', ''),
(48, 'PI-2008', 'I-2008-6', '2020-07-20', '2020-07-24', 5, 'Solution Demos', '', ''),
(49, 'PI-2008', 'I-2008-IP', '2020-07-27', '2020-08-07', 10, '', '', ''),
(50, 'PI-2011', 'I-2011-1', '2020-08-10', '2020-08-21', 10, '', '', ''),
(51, 'PI-2011', 'I-2011-2', '2020-08-24', '2020-09-04', 10, '', '', ''),
(52, 'PI-2011', 'I-2011-3', '2020-09-07', '2020-09-18', 10, '', '', ''),
(53, 'PI-2011', 'I-2011-4', '2020-09-21', '2020-10-02', 10, '', '', ''),
(54, 'PI-2011', 'I-2011-5', '2020-10-05', '2020-10-16', 10, '', '', ''),
(55, 'PI-2011', 'I-2011-6', '2020-10-19', '2020-10-23', 5, '', '', ''),
(56, 'PI-2011', 'I-2011-IP', '2020-10-26', '2020-11-06', 10, '', '', ''),
(57, 'PI-2102', 'I-2102-1', '2020-11-09', '2020-11-20', 10, 'safe_comments', 'release_overlay', 'other_comments'),
(58, 'PI-2102', 'I-2102-2', '2020-11-23', '2020-12-04', 10, 'Story Freeze', '', ''),
(59, 'PI-2102', 'I-2102-3', '2020-12-07', '2020-12-18', 10, '', '', ''),
(60, 'PI-2102', 'I-2102-4', '2020-12-21', '2021-01-01', 10, 'Solution Demos', '', ''),
(61, '', '', '0000-00-00', '0000-00-00', 0, '', '', ''),
(62, '', '', '0000-00-00', '0000-00-00', 0, '', '', ''),
(63, '', '', '0000-00-00', '0000-00-00', 0, '', '', ''),
(64, '', '', '0000-00-00', '0000-00-00', 0, '', '', ''),
(65, '', '', '0000-00-00', '0000-00-00', 0, '', '', ''),
(66, '', '', '0000-00-00', '0000-00-00', 0, '', '', ''),
(67, '', '', '0000-00-00', '0000-00-00', 0, '', '', ''),
(68, '', '', '0000-00-00', '0000-00-00', 0, '', '', '');

-- --------------------------------------------------------

--
-- Table structure for table `capacity`
--

CREATE TABLE `capacity` (
  `id` int(11) NOT NULL,
  `team_id` varchar(25) COLLATE utf8_unicode_ci NOT NULL,
  `team_name` varchar(40) COLLATE utf8_unicode_ci NOT NULL,
  `program_increment` varchar(25) COLLATE utf8_unicode_ci NOT NULL,
  `iteration_1` int(11) NOT NULL,
  `iteration_2` int(11) NOT NULL,
  `iteration_3` int(11) NOT NULL,
  `iteration_4` int(11) NOT NULL,
  `iteration_5` int(11) NOT NULL,
  `iteration_6` int(11) NOT NULL,
  `total` int(11) NOT NULL
) ENGINE=InnoDB DEFAULT CHARSET=utf8 COLLATE=utf8_unicode_ci;

--
-- Dumping data for table `capacity`
--

INSERT INTO `capacity` (`id`, `team_id`, `team_name`, `program_increment`, `iteration_1`, `iteration_2`, `iteration_3`, `iteration_4`, `iteration_5`, `iteration_6`, `total`) VALUES
(1, 'AT-700', 'Agile Team 700', 'PI-1905', 30, 30, 30, 34, 24, 136, 284),
(2, 'AT-701', 'Agile Team 701', 'PI-1905', 30, 30, 30, 30, 28, 16, 164),
(3, 'AT-702', 'Agile Team 702', 'PI-1905', 30, 30, 30, 30, 28, 8, 156),
(4, 'AT-703', 'Agile Team 703', 'PI-1905', 18, 18, 18, 18, 0, 8, 80),
(5, 'AT-704', 'Agile Team 704', 'PI-1905', 24, 24, 24, 24, 43, 14, 153),
(6, 'ART-400', 'Agile Release Train 400', 'PI-1905', 60, 60, 60, 64, 52, 32, 328),
(7, 'ART-401', 'Agile Release Train 401', 'PI-1905', 48, 48, 48, 48, 28, 16, 236),
(8, 'ART-402', 'Agile Release Train 402', 'PI-1905', 24, 24, 24, 24, 43, 14, 153),
(9, 'AT-700', 'Agile Team 700', 'PI-1908', 16, 16, 16, 16, 34, 16, 114),
(10, 'AT-701', 'Agile Team 701', 'PI-1908', 16, 16, 16, 16, 34, 16, 114),
(11, 'AT-702', 'Agile Team 702', 'PI-1908', 16, 16, 16, 16, 34, 14, 112),
(12, 'AT-703', 'Agile Team 703', 'PI-1908', 18, 18, 18, 18, 34, 14, 120),
(13, 'AT-704', 'Agile Team 704', 'PI-1908', 24, 24, 24, 24, 20, 34, 150),
(17, 'AT-705', 'Agile Team 705', 'PI-1908', 1, 2, 3, 4, 5, 6, 21),
(18, 'AT-706', 'Agile Team 706', 'PI-1908', 7, 8, 9, 10, 11, 12, 57),
(19, 'AT-707', 'Agile Team 707', 'PI-1908', 13, 14, 15, 16, 17, 18, 93),
(20, 'AT-708', 'Agile Team 708', 'PI-1908', 19, 20, 21, 22, 23, 24, 129),
(21, 'AT-709', 'Agile Team 709', 'PI-1908', 25, 26, 27, 28, 29, 30, 165),
(22, 'AT-710', 'Agile Team 710', 'PI-1908', 31, 32, 33, 34, 35, 36, 201),
(23, 'AT-800', 'Agile Team 800', 'PI-1908', 37, 38, 39, 40, 41, 42, 237),
(24, 'AT-801', 'Agile Team 801', 'PI-1908', 43, 44, 45, 46, 47, 48, 273),
(25, 'AT-802', 'Agile Team 802', 'PI-1908', 49, 50, 51, 52, 53, 54, 309),
(26, 'AT-803', 'Agile Team 803', 'PI-1908', 55, 56, 57, 58, 59, 60, 345),
(27, 'AT-804', 'Agile Team 804', 'PI-1908', 61, 62, 63, 64, 65, 66, 381),
(28, 'AT-805', 'Agile Team 805', 'PI-1908', 67, 68, 69, 70, 71, 72, 417),
(29, 'AT-806', 'Agile Team 806', 'PI-1908', 73, 74, 75, 76, 77, 78, 453),
(30, 'AT-807', 'Agile Team 807', 'PI-1908', 79, 80, 81, 82, 83, 84, 489),
(31, 'AT-808', 'Agile Team 808', 'PI-1908', 85, 86, 87, 88, 89, 90, 525),
(32, 'AT-809', 'Agile Team 809', 'PI-1908', 91, 92, 93, 94, 95, 96, 561),
(33, 'AT-810', 'Agile Team 810', 'PI-1908', 97, 98, 99, 100, 101, 102, 597),
(34, 'AT-abc1', 'Agile Team 1000 1', 'PI-1908', 103, 104, 105, 106, 107, 108, 633),
(35, 'AT-abc10', 'Agile Team 1000 10', 'PI-1908', 109, 110, 111, 112, 113, 114, 669),
(36, 'AT-abc2', 'Agile Team 1000 2', 'PI-1908', 115, 116, 117, 118, 119, 120, 705),
(37, 'AT-abc3', 'Agile Team 1000 3', 'PI-1908', 121, 122, 123, 124, 125, 126, 741),
(38, 'AT-abc4', 'Agile Team 1000 4', 'PI-1908', 127, 128, 129, 130, 131, 132, 777),
(39, 'AT-abc5', 'Agile Team 1000 5', 'PI-1908', 133, 134, 135, 136, 137, 138, 813),
(40, 'AT-abc6', 'Agile Team 1000 6', 'PI-1908', 139, 140, 141, 142, 143, 144, 849),
(41, 'AT-abc7', 'Agile Team 1000 7', 'PI-1908', 145, 146, 147, 148, 149, 150, 885),
(42, 'AT-abc8', 'Agile Team 1000 8', 'PI-1908', 151, 152, 153, 154, 155, 156, 921),
(43, 'AT-abc9', 'Agile Team 1000 9', 'PI-1908', 157, 158, 159, 160, 161, 162, 957),
(44, 'AT-700', 'Agile Team 700', 'PI-1911', 181, 182, 183, 184, 185, 186, 1101),
(45, 'AT-701', 'Agile Team 701', 'PI-1911', 187, 188, 189, 190, 191, 192, 1137),
(46, 'AT-702', 'Agile Team 702', 'PI-1911', 193, 194, 195, 196, 197, 198, 1173),
(47, 'AT-703', 'Agile Team 703', 'PI-1911', 199, 200, 201, 202, 203, 204, 1209),
(48, 'AT-704', 'Agile Team 704', 'PI-1911', 205, 206, 207, 208, 209, 210, 1245),
(49, 'AT-705', 'Agile Team 705', 'PI-1911', 211, 212, 213, 214, 215, 216, 1281),
(50, 'AT-706', 'Agile Team 706', 'PI-1911', 217, 218, 219, 220, 221, 222, 1317),
(51, 'AT-707', 'Agile Team 707', 'PI-1911', 223, 224, 225, 226, 227, 228, 1353),
(52, 'AT-708', 'Agile Team 708', 'PI-1911', 229, 230, 231, 232, 233, 234, 1389),
(53, 'AT-709', 'Agile Team 709', 'PI-1911', 235, 236, 237, 238, 239, 240, 1425),
(54, 'AT-710', 'Agile Team 710', 'PI-1911', 241, 242, 243, 244, 245, 246, 1461),
(55, 'AT-800', 'Agile Team 800', 'PI-1911', 247, 248, 249, 250, 251, 252, 1497),
(56, 'AT-801', 'Agile Team 801', 'PI-1911', 253, 254, 255, 256, 257, 258, 1533),
(57, 'AT-802', 'Agile Team 802', 'PI-1911', 259, 260, 261, 262, 263, 264, 1569),
(58, 'AT-803', 'Agile Team 803', 'PI-1911', 265, 266, 267, 268, 269, 270, 1605),
(59, 'AT-804', 'Agile Team 804', 'PI-1911', 271, 272, 273, 274, 275, 276, 1641),
(60, 'AT-805', 'Agile Team 805', 'PI-1911', 277, 278, 279, 280, 281, 282, 1677),
(61, 'AT-806', 'Agile Team 806', 'PI-1911', 283, 284, 285, 286, 287, 288, 1713),
(62, 'AT-807', 'Agile Team 807', 'PI-1911', 289, 290, 291, 292, 293, 294, 1749),
(63, 'AT-808', 'Agile Team 808', 'PI-1911', 295, 296, 297, 298, 299, 300, 1785),
(64, 'AT-809', 'Agile Team 809', 'PI-1911', 301, 302, 303, 304, 305, 306, 1821),
(65, 'AT-810', 'Agile Team 810', 'PI-1911', 307, 308, 309, 310, 311, 312, 1857),
(66, 'AT-abc1', 'Agile Team 1000 1', 'PI-1911', 313, 314, 315, 316, 317, 318, 1893),
(67, 'AT-abc10', 'Agile Team 1000 10', 'PI-1911', 319, 320, 321, 322, 323, 324, 1929),
(68, 'AT-abc2', 'Agile Team 1000 2', 'PI-1911', 325, 326, 327, 328, 329, 330, 1965),
(69, 'AT-abc3', 'Agile Team 1000 3', 'PI-1911', 331, 332, 333, 334, 335, 336, 2001),
(70, 'AT-abc4', 'Agile Team 1000 4', 'PI-1911', 337, 338, 339, 340, 341, 342, 2037),
(71, 'AT-abc5', 'Agile Team 1000 5', 'PI-1911', 343, 344, 345, 346, 347, 348, 2073),
(72, 'AT-abc6', 'Agile Team 1000 6', 'PI-1911', 349, 350, 351, 352, 353, 354, 2109),
(73, 'AT-abc7', 'Agile Team 1000 7', 'PI-1911', 355, 356, 357, 358, 359, 360, 2145),
(74, 'AT-abc8', 'Agile Team 1000 8', 'PI-1911', 361, 362, 363, 364, 365, 366, 2181),
(75, 'AT-abc9', 'Agile Team 1000 9', 'PI-1911', 367, 368, 369, 370, 371, 372, 2217),
(76, 'AT-700', 'Agile Team 700', 'PI-2002', 373, 374, 375, 376, 377, 378, 2253),
(77, 'AT-701', 'Agile Team 701', 'PI-2002', 379, 380, 381, 382, 383, 384, 2289),
(78, 'AT-702', 'Agile Team 702', 'PI-2002', 385, 386, 387, 388, 389, 390, 2325),
(79, 'AT-703', 'Agile Team 703', 'PI-2002', 391, 392, 393, 394, 395, 396, 2361),
(80, 'AT-704', 'Agile Team 704', 'PI-2002', 397, 398, 399, 400, 401, 402, 2397),
(81, 'AT-705', 'Agile Team 705', 'PI-2002', 403, 404, 405, 406, 407, 408, 2433),
(82, 'AT-706', 'Agile Team 706', 'PI-2002', 409, 410, 411, 412, 413, 414, 2469),
(83, 'AT-707', 'Agile Team 707', 'PI-2002', 415, 416, 417, 418, 419, 420, 2505),
(84, 'AT-708', 'Agile Team 708', 'PI-2002', 421, 422, 423, 424, 425, 426, 2541),
(85, 'AT-709', 'Agile Team 709', 'PI-2002', 427, 428, 429, 430, 431, 432, 2577),
(86, 'AT-710', 'Agile Team 710', 'PI-2002', 433, 434, 435, 436, 437, 438, 2613),
(87, 'AT-800', 'Agile Team 800', 'PI-2002', 439, 440, 441, 442, 443, 444, 2649),
(88, 'AT-801', 'Agile Team 801', 'PI-2002', 445, 446, 447, 448, 449, 450, 2685),
(89, 'AT-802', 'Agile Team 802', 'PI-2002', 451, 452, 453, 454, 455, 456, 2721),
(90, 'AT-803', 'Agile Team 803', 'PI-2002', 457, 458, 459, 460, 461, 462, 2757),
(91, 'AT-804', 'Agile Team 804', 'PI-2002', 463, 464, 465, 466, 467, 468, 2793),
(92, 'AT-805', 'Agile Team 805', 'PI-2002', 469, 470, 471, 472, 473, 474, 2829),
(93, 'AT-806', 'Agile Team 806', 'PI-2002', 475, 476, 477, 478, 479, 480, 2865),
(94, 'AT-807', 'Agile Team 807', 'PI-2002', 481, 482, 483, 484, 485, 486, 2901),
(95, 'AT-808', 'Agile Team 808', 'PI-2002', 487, 488, 489, 490, 491, 492, 2937),
(96, 'AT-809', 'Agile Team 809', 'PI-2002', 493, 494, 495, 496, 497, 498, 2973),
(97, 'AT-810', 'Agile Team 810', 'PI-2002', 499, 500, 501, 502, 503, 504, 3009),
(98, 'AT-abc1', 'Agile Team 1000 1', 'PI-2002', 505, 506, 507, 508, 509, 510, 3045),
(99, 'AT-abc10', 'Agile Team 1000 10', 'PI-2002', 511, 512, 513, 514, 515, 516, 3081),
(100, 'AT-abc2', 'Agile Team 1000 2', 'PI-2002', 517, 518, 519, 520, 521, 522, 3117),
(101, 'AT-abc3', 'Agile Team 1000 3', 'PI-2002', 523, 524, 525, 526, 527, 528, 3153),
(102, 'AT-abc4', 'Agile Team 1000 4', 'PI-2002', 529, 530, 531, 532, 533, 534, 3189),
(103, 'AT-abc5', 'Agile Team 1000 5', 'PI-2002', 535, 536, 537, 538, 539, 540, 3225),
(104, 'AT-abc6', 'Agile Team 1000 6', 'PI-2002', 541, 542, 543, 544, 545, 546, 3261),
(105, 'AT-abc7', 'Agile Team 1000 7', 'PI-2002', 547, 548, 549, 550, 551, 552, 3297),
(106, 'AT-abc8', 'Agile Team 1000 8', 'PI-2002', 553, 554, 555, 556, 557, 558, 3333),
(107, 'AT-abc9', 'Agile Team 1000 9', 'PI-2002', 559, 560, 561, 562, 563, 564, 3369),
(108, 'AT-700', 'Agile Team 700', 'PI-2005', 565, 566, 567, 568, 569, 570, 3405),
(109, 'AT-701', 'Agile Team 701', 'PI-2005', 571, 572, 573, 574, 575, 576, 3441),
(110, 'AT-702', 'Agile Team 702', 'PI-2005', 577, 578, 579, 580, 581, 582, 3477),
(111, 'AT-703', 'Agile Team 703', 'PI-2005', 583, 584, 585, 586, 587, 588, 3513),
(112, 'AT-704', 'Agile Team 704', 'PI-2005', 589, 590, 591, 592, 593, 594, 3549),
(113, 'AT-705', 'Agile Team 705', 'PI-2005', 595, 596, 597, 598, 599, 600, 3585),
(114, 'AT-706', 'Agile Team 706', 'PI-2005', 601, 602, 603, 604, 605, 606, 3621),
(115, 'AT-707', 'Agile Team 707', 'PI-2005', 607, 608, 609, 610, 611, 612, 3657),
(116, 'AT-708', 'Agile Team 708', 'PI-2005', 613, 614, 615, 616, 617, 618, 3693),
(117, 'AT-709', 'Agile Team 709', 'PI-2005', 619, 620, 621, 622, 623, 624, 3729),
(118, 'AT-710', 'Agile Team 710', 'PI-2005', 625, 626, 627, 628, 629, 630, 3765),
(119, 'AT-800', 'Agile Team 800', 'PI-2005', 631, 632, 633, 634, 635, 636, 3801),
(120, 'AT-801', 'Agile Team 801', 'PI-2005', 637, 638, 639, 640, 641, 642, 3837),
(121, 'AT-802', 'Agile Team 802', 'PI-2005', 643, 644, 645, 646, 647, 648, 3873),
(122, 'AT-803', 'Agile Team 803', 'PI-2005', 649, 650, 651, 652, 653, 654, 3909),
(123, 'AT-804', 'Agile Team 804', 'PI-2005', 655, 656, 657, 658, 659, 660, 3945),
(124, 'AT-805', 'Agile Team 805', 'PI-2005', 661, 662, 663, 664, 665, 666, 3981),
(125, 'AT-806', 'Agile Team 806', 'PI-2005', 667, 668, 669, 670, 671, 672, 4017),
(126, 'AT-807', 'Agile Team 807', 'PI-2005', 673, 674, 675, 676, 677, 678, 4053),
(127, 'AT-808', 'Agile Team 808', 'PI-2005', 679, 680, 681, 682, 683, 684, 4089),
(128, 'AT-809', 'Agile Team 809', 'PI-2005', 685, 686, 687, 688, 689, 690, 4125),
(129, 'AT-810', 'Agile Team 810', 'PI-2005', 691, 692, 693, 694, 695, 696, 4161),
(130, 'AT-abc1', 'Agile Team 1000 1', 'PI-2005', 697, 698, 699, 700, 701, 702, 4197),
(131, 'AT-abc10', 'Agile Team 1000 10', 'PI-2005', 703, 704, 705, 706, 707, 708, 4233),
(132, 'AT-abc2', 'Agile Team 1000 2', 'PI-2005', 709, 710, 711, 712, 713, 714, 4269),
(133, 'AT-abc3', 'Agile Team 1000 3', 'PI-2005', 715, 716, 717, 718, 719, 720, 4305),
(134, 'AT-abc4', 'Agile Team 1000 4', 'PI-2005', 721, 722, 723, 724, 725, 726, 4341),
(135, 'AT-abc5', 'Agile Team 1000 5', 'PI-2005', 727, 728, 729, 730, 731, 732, 4377),
(136, 'AT-abc6', 'Agile Team 1000 6', 'PI-2005', 733, 734, 735, 736, 737, 738, 4413),
(137, 'AT-abc7', 'Agile Team 1000 7', 'PI-2005', 739, 740, 741, 742, 743, 744, 4449),
(138, 'AT-abc8', 'Agile Team 1000 8', 'PI-2005', 745, 746, 747, 748, 749, 750, 4485),
(139, 'AT-abc9', 'Agile Team 1000 9', 'PI-2005', 751, 752, 753, 754, 755, 756, 4521),
(140, 'AT-700', 'Agile Team 700', 'PI-2008', 757, 758, 759, 760, 761, 762, 4557),
(141, 'AT-701', 'Agile Team 701', 'PI-2008', 763, 764, 765, 766, 767, 768, 4593),
(142, 'AT-702', 'Agile Team 702', 'PI-2008', 769, 770, 771, 772, 773, 774, 4629),
(143, 'AT-703', 'Agile Team 703', 'PI-2008', 775, 776, 777, 778, 779, 780, 4665),
(144, 'AT-704', 'Agile Team 704', 'PI-2008', 781, 782, 783, 784, 785, 786, 4701),
(145, 'AT-705', 'Agile Team 705', 'PI-2008', 787, 788, 789, 790, 791, 792, 4737),
(146, 'AT-706', 'Agile Team 706', 'PI-2008', 793, 794, 795, 796, 797, 798, 4773),
(147, 'AT-707', 'Agile Team 707', 'PI-2008', 799, 800, 801, 802, 803, 804, 4809),
(148, 'AT-708', 'Agile Team 708', 'PI-2008', 805, 806, 807, 808, 809, 810, 4845),
(149, 'AT-709', 'Agile Team 709', 'PI-2008', 811, 812, 813, 814, 815, 816, 4881),
(150, 'AT-710', 'Agile Team 710', 'PI-2008', 817, 818, 819, 820, 821, 822, 4917),
(151, 'AT-800', 'Agile Team 800', 'PI-2008', 823, 824, 825, 826, 827, 828, 4953),
(152, 'AT-801', 'Agile Team 801', 'PI-2008', 829, 830, 831, 832, 833, 834, 4989),
(153, 'AT-802', 'Agile Team 802', 'PI-2008', 835, 836, 837, 838, 839, 840, 5025),
(154, 'AT-803', 'Agile Team 803', 'PI-2008', 841, 842, 843, 844, 845, 846, 5061),
(155, 'AT-804', 'Agile Team 804', 'PI-2008', 847, 848, 849, 850, 851, 852, 5097),
(156, 'AT-805', 'Agile Team 805', 'PI-2008', 853, 854, 855, 856, 857, 858, 5133),
(157, 'AT-806', 'Agile Team 806', 'PI-2008', 859, 860, 861, 862, 863, 864, 5169),
(158, 'AT-807', 'Agile Team 807', 'PI-2008', 865, 866, 867, 868, 869, 870, 5205),
(159, 'AT-808', 'Agile Team 808', 'PI-2008', 871, 872, 873, 874, 875, 876, 5241),
(160, 'AT-809', 'Agile Team 809', 'PI-2008', 877, 878, 879, 880, 881, 882, 5277),
(161, 'AT-810', 'Agile Team 810', 'PI-2008', 883, 884, 885, 886, 887, 888, 5313),
(162, 'AT-abc1', 'Agile Team 1000 1', 'PI-2008', 889, 890, 891, 892, 893, 894, 5349),
(163, 'AT-abc10', 'Agile Team 1000 10', 'PI-2008', 895, 896, 897, 898, 899, 900, 5385),
(164, 'AT-abc2', 'Agile Team 1000 2', 'PI-2008', 901, 902, 903, 904, 905, 906, 5421),
(165, 'AT-abc3', 'Agile Team 1000 3', 'PI-2008', 907, 908, 909, 910, 911, 912, 5457),
(166, 'AT-abc4', 'Agile Team 1000 4', 'PI-2008', 913, 914, 915, 916, 917, 918, 5493),
(167, 'AT-abc5', 'Agile Team 1000 5', 'PI-2008', 919, 920, 921, 922, 923, 924, 5529),
(168, 'AT-abc6', 'Agile Team 1000 6', 'PI-2008', 925, 926, 927, 928, 929, 930, 5565),
(169, 'AT-abc7', 'Agile Team 1000 7', 'PI-2008', 931, 932, 933, 934, 935, 936, 5601),
(170, 'AT-abc8', 'Agile Team 1000 8', 'PI-2008', 937, 938, 939, 940, 941, 942, 5637),
(171, 'AT-abc9', 'Agile Team 1000 9', 'PI-2008', 943, 944, 945, 946, 947, 948, 5673),
(236, 'AT-700', 'Agile Team 700', 'PI-2011', 1333, 1334, 1335, 1336, 1337, 1338, 8013),
(237, 'AT-701', 'Agile Team 701', 'PI-2011', 1339, 1340, 1341, 1342, 1343, 1344, 8049),
(238, 'AT-702', 'Agile Team 702', 'PI-2011', 1345, 1346, 1347, 1348, 1349, 1350, 8085),
(239, 'AT-703', 'Agile Team 703', 'PI-2011', 1351, 1352, 1353, 1354, 1355, 1356, 8121),
(240, 'AT-704', 'Agile Team 704', 'PI-2011', 1357, 1358, 1359, 1360, 1361, 1362, 8157),
(241, 'AT-705', 'Agile Team 705', 'PI-2011', 1363, 1364, 1365, 1366, 1367, 1368, 8193),
(242, 'AT-706', 'Agile Team 706', 'PI-2011', 1369, 1370, 1371, 1372, 1373, 1374, 8229),
(243, 'AT-707', 'Agile Team 707', 'PI-2011', 1375, 1376, 1377, 1378, 1379, 1380, 8265),
(244, 'AT-708', 'Agile Team 708', 'PI-2011', 1381, 1382, 1383, 1384, 1385, 1386, 8301),
(245, 'AT-709', 'Agile Team 709', 'PI-2011', 1387, 1388, 1389, 1390, 1391, 1392, 8337),
(246, 'AT-710', 'Agile Team 710', 'PI-2011', 1393, 1394, 1395, 1396, 1397, 1398, 8373),
(247, 'AT-800', 'Agile Team 800', 'PI-2011', 1399, 1400, 1401, 1402, 1403, 1404, 8409),
(248, 'AT-801', 'Agile Team 801', 'PI-2011', 1405, 1406, 1407, 1408, 1409, 1410, 8445),
(249, 'AT-802', 'Agile Team 802', 'PI-2011', 1411, 1412, 1413, 1414, 1415, 1416, 8481),
(250, 'AT-803', 'Agile Team 803', 'PI-2011', 1417, 1418, 1419, 1420, 1421, 1422, 8517),
(251, 'AT-804', 'Agile Team 804', 'PI-2011', 1423, 1424, 1425, 1426, 1427, 1428, 8553),
(252, 'AT-805', 'Agile Team 805', 'PI-2011', 1429, 1430, 1431, 1432, 1433, 1434, 8589),
(253, 'AT-806', 'Agile Team 806', 'PI-2011', 1435, 1436, 1437, 1438, 1439, 1440, 8625),
(254, 'AT-807', 'Agile Team 807', 'PI-2011', 1441, 1442, 1443, 1444, 1445, 1446, 8661),
(255, 'AT-808', 'Agile Team 808', 'PI-2011', 1447, 1448, 1449, 1450, 1451, 1452, 8697),
(256, 'AT-809', 'Agile Team 809', 'PI-2011', 1453, 1454, 1455, 1456, 1457, 1458, 8733),
(257, 'AT-810', 'Agile Team 810', 'PI-2011', 1459, 1460, 1461, 1462, 1463, 1464, 8769),
(258, 'AT-abc1', 'Agile Team 1000 1', 'PI-2011', 1465, 1466, 1467, 1468, 1469, 1470, 8805),
(259, 'AT-abc10', 'Agile Team 1000 10', 'PI-2011', 1471, 1472, 1473, 1474, 1475, 1476, 8841),
(260, 'AT-abc2', 'Agile Team 1000 2', 'PI-2011', 1477, 1478, 1479, 1480, 1481, 1482, 8877),
(261, 'AT-abc3', 'Agile Team 1000 3', 'PI-2011', 1483, 1484, 1485, 1486, 1487, 1488, 8913),
(262, 'AT-abc4', 'Agile Team 1000 4', 'PI-2011', 1489, 1490, 1491, 1492, 1493, 1494, 8949),
(263, 'AT-abc5', 'Agile Team 1000 5', 'PI-2011', 1495, 1496, 1497, 1498, 1499, 1500, 8985),
(264, 'AT-abc6', 'Agile Team 1000 6', 'PI-2011', 1501, 1502, 1503, 1504, 1505, 1506, 9021),
(265, 'AT-abc7', 'Agile Team 1000 7', 'PI-2011', 1507, 1508, 1509, 1510, 1511, 1512, 9057),
(266, 'AT-abc8', 'Agile Team 1000 8', 'PI-2011', 1513, 1514, 1515, 1516, 1517, 1518, 9093),
(267, 'AT-abc9', 'Agile Team 1000 9', 'PI-2011', 1519, 1520, 1521, 1522, 1523, 1524, 9129),
(268, 'AT-700', 'Agile Team 700', 'PI-2102', 1525, 1526, 1527, 1528, 1529, 1530, 9165),
(269, 'AT-701', 'Agile Team 701', 'PI-2102', 1531, 1532, 1533, 1534, 1535, 1536, 9201),
(270, 'AT-702', 'Agile Team 702', 'PI-2102', 1537, 1538, 1539, 1540, 1541, 1542, 9237),
(271, 'AT-703', 'Agile Team 703', 'PI-2102', 1543, 1544, 1545, 1546, 1547, 1548, 9273),
(272, 'AT-704', 'Agile Team 704', 'PI-2102', 1549, 1550, 1551, 1552, 1553, 1554, 9309),
(273, 'AT-705', 'Agile Team 705', 'PI-2102', 1555, 1556, 1557, 1558, 1559, 1560, 9345),
(274, 'AT-706', 'Agile Team 706', 'PI-2102', 1561, 1562, 1563, 1564, 1565, 1566, 9381),
(275, 'AT-707', 'Agile Team 707', 'PI-2102', 1567, 1568, 1569, 1570, 1571, 1572, 9417),
(276, 'AT-708', 'Agile Team 708', 'PI-2102', 1573, 1574, 1575, 1576, 1577, 1578, 9453),
(277, 'AT-709', 'Agile Team 709', 'PI-2102', 1579, 1580, 1581, 1582, 1583, 1584, 9489),
(278, 'AT-710', 'Agile Team 710', 'PI-2102', 1585, 1586, 1587, 1588, 1589, 1590, 9525),
(279, 'AT-800', 'Agile Team 800', 'PI-2102', 1591, 1592, 1593, 1594, 1595, 1596, 9561),
(280, 'AT-801', 'Agile Team 801', 'PI-2102', 1597, 1598, 1599, 1600, 1601, 1602, 9597),
(281, 'AT-802', 'Agile Team 802', 'PI-2102', 1603, 1604, 1605, 1606, 1607, 1608, 9633),
(282, 'AT-803', 'Agile Team 803', 'PI-2102', 1609, 1610, 1611, 1612, 1613, 1614, 9669),
(283, 'AT-804', 'Agile Team 804', 'PI-2102', 1615, 1616, 1617, 1618, 1619, 1620, 9705),
(284, 'AT-805', 'Agile Team 805', 'PI-2102', 1621, 1622, 1623, 1624, 1625, 1626, 9741),
(285, 'AT-806', 'Agile Team 806', 'PI-2102', 1627, 1628, 1629, 1630, 1631, 1632, 9777),
(286, 'AT-807', 'Agile Team 807', 'PI-2102', 1633, 1634, 1635, 1636, 1637, 1638, 9813),
(287, 'AT-808', 'Agile Team 808', 'PI-2102', 1639, 1640, 1641, 1642, 1643, 1644, 9849),
(288, 'AT-809', 'Agile Team 809', 'PI-2102', 1645, 1646, 1647, 1648, 1649, 1650, 9885),
(289, 'AT-810', 'Agile Team 810', 'PI-2102', 1651, 1652, 1653, 1654, 1655, 1656, 9921),
(290, 'AT-abc1', 'Agile Team 1000 1', 'PI-2102', 1657, 1658, 1659, 1660, 1661, 1662, 9957),
(291, 'AT-abc10', 'Agile Team 1000 10', 'PI-2102', 1663, 1664, 1665, 1666, 1667, 1668, 9993),
(292, 'AT-abc2', 'Agile Team 1000 2', 'PI-2102', 1669, 1670, 1671, 1672, 1673, 1674, 10029),
(293, 'AT-abc3', 'Agile Team 1000 3', 'PI-2102', 1675, 1676, 1677, 1678, 1679, 1680, 10065),
(294, 'AT-abc4', 'Agile Team 1000 4', 'PI-2102', 1681, 1682, 1683, 1684, 1685, 1686, 10101),
(295, 'AT-abc5', 'Agile Team 1000 5', 'PI-2102', 1687, 1688, 1689, 1690, 1691, 1692, 10137),
(296, 'AT-abc6', 'Agile Team 1000 6', 'PI-2102', 1693, 1694, 1695, 1696, 1697, 1698, 10173),
(297, 'AT-abc7', 'Agile Team 1000 7', 'PI-2102', 1699, 1700, 1701, 1702, 1703, 1704, 10209),
(298, 'AT-abc8', 'Agile Team 1000 8', 'PI-2102', 1705, 1706, 1707, 1708, 1709, 1710, 10245),
(299, 'AT-abc9', 'Agile Team 1000 9', 'PI-2102', 1711, 1712, 1713, 1714, 1715, 1716, 10281),
(300, 'ART-400', 'Agile Train', 'PI-1908', 32, 32, 32, 32, 68, 32, 228),
(301, 'ART-401', 'Agile Train', 'PI-1908', 34, 34, 34, 34, 68, 28, 232),
(302, 'ART-402', 'Agile Train', 'PI-1908', 24, 24, 24, 24, 20, 34, 150),
(303, 'ART-403', 'Agile Train', 'PI-1908', 40, 44, 48, 52, 56, 60, 300),
(304, 'ART-404', 'Agile Train', 'PI-1908', 25, 26, 27, 28, 29, 30, 165),
(305, 'ART-405', 'Agile Train', 'PI-1908', 31, 32, 33, 34, 35, 36, 201),
(306, 'ART-500', 'Agile Train', 'PI-1908', 242, 244, 246, 248, 250, 252, 1482),
(307, 'ART-501', 'Agile Train', 'PI-1908', 260, 262, 264, 266, 268, 270, 1590),
(308, 'ART-502', 'Agile Train', 'PI-1908', 272, 274, 276, 278, 280, 282, 1662),
(309, 'ART-503', 'Agile Train', 'PI-1908', 284, 286, 288, 290, 292, 294, 1734),
(310, 'ART-504', 'Agile Train', 'PI-1908', 242, 244, 246, 248, 250, 252, 1482),
(311, 'ART-600', 'Agile Train', 'PI-1908', 256, 260, 264, 268, 272, 276, 1596),
(312, 'ART-601', 'Agile Train', 'PI-1908', 153, 156, 159, 162, 165, 168, 963),
(313, 'ART-602', 'Agile Train', 'PI-1908', 328, 332, 336, 340, 344, 348, 2028),
(314, 'ART-400', 'Agile Train', 'PI-1911', 368, 370, 372, 374, 376, 378, 2238),
(315, 'ART-401', 'Agile Train', 'PI-1911', 392, 394, 396, 398, 400, 402, 2382),
(316, 'ART-402', 'Agile Train', 'PI-1911', 205, 206, 207, 208, 209, 210, 1245),
(317, 'ART-403', 'Agile Train', 'PI-1911', 880, 884, 888, 892, 896, 900, 5340),
(318, 'ART-404', 'Agile Train', 'PI-1911', 235, 236, 237, 238, 239, 240, 1425),
(319, 'ART-405', 'Agile Train', 'PI-1911', 711, 714, 717, 720, 723, 726, 4311),
(320, 'ART-500', 'Agile Train', 'PI-1911', 662, 664, 666, 668, 670, 672, 4002),
(321, 'ART-501', 'Agile Train', 'PI-1911', 680, 682, 684, 686, 688, 690, 4110),
(322, 'ART-502', 'Agile Train', 'PI-1911', 692, 694, 696, 698, 700, 702, 4182),
(323, 'ART-503', 'Agile Train', 'PI-1911', 704, 706, 708, 710, 712, 714, 4254),
(324, 'ART-504', 'Agile Train', 'PI-1911', 662, 664, 666, 668, 670, 672, 4002),
(325, 'ART-600', 'Agile Train', 'PI-1911', 1096, 1100, 1104, 1108, 1112, 1116, 6636),
(326, 'ART-601', 'Agile Train', 'PI-1911', 783, 786, 789, 792, 795, 798, 4743),
(327, 'ART-602', 'Agile Train', 'PI-1911', 1168, 1172, 1176, 1180, 1184, 1188, 7068),
(328, 'ART-400', 'Agile Train', 'PI-2002', 752, 754, 756, 758, 760, 762, 4542),
(329, 'ART-401', 'Agile Train', 'PI-2002', 776, 778, 780, 782, 784, 786, 4686),
(330, 'ART-402', 'Agile Train', 'PI-2002', 397, 398, 399, 400, 401, 402, 2397),
(331, 'ART-403', 'Agile Train', 'PI-2002', 1648, 1652, 1656, 1660, 1664, 1668, 9948),
(332, 'ART-404', 'Agile Train', 'PI-2002', 427, 428, 429, 430, 431, 432, 2577),
(333, 'ART-405', 'Agile Train', 'PI-2002', 433, 434, 435, 436, 437, 438, 2613),
(334, 'ART-500', 'Agile Train', 'PI-2002', 1046, 1048, 1050, 1052, 1054, 1056, 6306),
(335, 'ART-501', 'Agile Train', 'PI-2002', 1064, 1066, 1068, 1070, 1072, 1074, 6414),
(336, 'ART-502', 'Agile Train', 'PI-2002', 1076, 1078, 1080, 1082, 1084, 1086, 6486),
(337, 'ART-503', 'Agile Train', 'PI-2002', 1088, 1090, 1092, 1094, 1096, 1098, 6558),
(338, 'ART-504', 'Agile Train', 'PI-2002', 1046, 1048, 1050, 1052, 1054, 1056, 6306),
(339, 'ART-600', 'Agile Train', 'PI-2002', 1864, 1868, 1872, 1876, 1880, 1884, 11244),
(340, 'ART-601', 'Agile Train', 'PI-2002', 1359, 1362, 1365, 1368, 1371, 1374, 8199),
(341, 'ART-602', 'Agile Train', 'PI-2002', 1936, 1940, 1944, 1948, 1952, 1956, 11676),
(342, 'ART-400', 'Agile Train', 'PI-2005', 1136, 1138, 1140, 1142, 1144, 1146, 6846),
(343, 'ART-401', 'Agile Train', 'PI-2005', 1160, 1162, 1164, 1166, 1168, 1170, 6990),
(344, 'ART-402', 'Agile Train', 'PI-2005', 589, 590, 591, 592, 593, 594, 3549),
(345, 'ART-403', 'Agile Train', 'PI-2005', 2416, 2420, 2424, 2428, 2432, 2436, 14556),
(346, 'ART-404', 'Agile Train', 'PI-2005', 619, 620, 621, 622, 623, 624, 3729),
(347, 'ART-405', 'Agile Train', 'PI-2005', 625, 626, 627, 628, 629, 630, 3765),
(348, 'ART-500', 'Agile Train', 'PI-2005', 1430, 1432, 1434, 1436, 1438, 1440, 8610),
(349, 'ART-501', 'Agile Train', 'PI-2005', 1448, 1450, 1452, 1454, 1456, 1458, 8718),
(350, 'ART-502', 'Agile Train', 'PI-2005', 1460, 1462, 1464, 1466, 1468, 1470, 8790),
(351, 'ART-503', 'Agile Train', 'PI-2005', 1472, 1474, 1476, 1478, 1480, 1482, 8862),
(352, 'ART-504', 'Agile Train', 'PI-2005', 1430, 1432, 1434, 1436, 1438, 1440, 8610),
(353, 'ART-600', 'Agile Train', 'PI-2005', 2632, 2636, 2640, 2644, 2648, 2652, 15852),
(354, 'ART-601', 'Agile Train', 'PI-2005', 1935, 1938, 1941, 1944, 1947, 1950, 11655),
(355, 'ART-602', 'Agile Train', 'PI-2005', 2704, 2708, 2712, 2716, 2720, 2724, 16284),
(356, 'ART-400', 'Agile Train', 'PI-2008', 1520, 1522, 1524, 1526, 1528, 1530, 9150),
(357, 'ART-401', 'Agile Train', 'PI-2008', 1544, 1546, 1548, 1550, 1552, 1554, 9294),
(358, 'ART-402', 'Agile Train', 'PI-2008', 781, 782, 783, 784, 785, 786, 4701),
(359, 'ART-403', 'Agile Train', 'PI-2008', 3184, 3188, 3192, 3196, 3200, 3204, 19164),
(360, 'ART-404', 'Agile Train', 'PI-2008', 811, 812, 813, 814, 815, 816, 4881),
(361, 'ART-405', 'Agile Train', 'PI-2008', 817, 818, 819, 820, 821, 822, 4917),
(362, 'ART-500', 'Agile Train', 'PI-2008', 1814, 1816, 1818, 1820, 1822, 1824, 10914),
(363, 'ART-501', 'Agile Train', 'PI-2008', 1832, 1834, 1836, 1838, 1840, 1842, 11022),
(364, 'ART-502', 'Agile Train', 'PI-2008', 1844, 1846, 1848, 1850, 1852, 1854, 11094),
(365, 'ART-503', 'Agile Train', 'PI-2008', 1856, 1858, 1860, 1862, 1864, 1866, 11166),
(366, 'ART-504', 'Agile Train', 'PI-2008', 1814, 1816, 1818, 1820, 1822, 1824, 10914),
(367, 'ART-600', 'Agile Train', 'PI-2008', 3400, 3404, 3408, 3412, 3416, 3420, 20460),
(368, 'ART-601', 'Agile Train', 'PI-2008', 2511, 2514, 2517, 2520, 2523, 2526, 15111),
(369, 'ART-602', 'Agile Train', 'PI-2008', 3472, 3476, 3480, 3484, 3488, 3492, 20892),
(370, 'ART-400', 'Agile Train', 'PI-2011', 2672, 2674, 2676, 2678, 2680, 2682, 16062),
(371, 'ART-401', 'Agile Train', 'PI-2011', 2696, 2698, 2700, 2702, 2704, 2706, 16206),
(372, 'ART-402', 'Agile Train', 'PI-2011', 1357, 1358, 1359, 1360, 1361, 1362, 8157),
(373, 'ART-403', 'Agile Train', 'PI-2011', 5488, 5492, 5496, 5500, 5504, 5508, 32988),
(374, 'ART-404', 'Agile Train', 'PI-2011', 1387, 1388, 1389, 1390, 1391, 1392, 8337),
(375, 'ART-405', 'Agile Train', 'PI-2011', 1393, 1394, 1395, 1396, 1397, 1398, 8373),
(376, 'ART-500', 'Agile Train', 'PI-2011', 2966, 2968, 2970, 2972, 2974, 2976, 17826),
(377, 'ART-501', 'Agile Train', 'PI-2011', 2984, 2986, 2988, 2990, 2992, 2994, 17934),
(378, 'ART-502', 'Agile Train', 'PI-2011', 2996, 2998, 3000, 3002, 3004, 3006, 18006),
(379, 'ART-503', 'Agile Train', 'PI-2011', 3008, 3010, 3012, 3014, 3016, 3018, 18078),
(380, 'ART-504', 'Agile Train', 'PI-2011', 2966, 2968, 2970, 2972, 2974, 2976, 17826),
(381, 'ART-600', 'Agile Train', 'PI-2011', 5704, 5708, 5712, 5716, 5720, 5724, 34284),
(382, 'ART-601', 'Agile Train', 'PI-2011', 4239, 4242, 4245, 4248, 4251, 4254, 25479),
(383, 'ART-602', 'Agile Train', 'PI-2011', 5776, 5780, 5784, 5788, 5792, 5796, 34716),
(384, 'ART-400', 'Agile Train', 'PI-2102', 3056, 3058, 3060, 3062, 3064, 3066, 18366),
(385, 'ART-401', 'Agile Train', 'PI-2102', 3080, 3082, 3084, 3086, 3088, 3090, 18510),
(386, 'ART-402', 'Agile Train', 'PI-2102', 1549, 1550, 1551, 1552, 1553, 1554, 9309),
(387, 'ART-403', 'Agile Train', 'PI-2102', 6256, 6260, 6264, 6268, 6272, 6276, 37596),
(388, 'ART-404', 'Agile Train', 'PI-2102', 1579, 1580, 1581, 1582, 1583, 1584, 9489),
(389, 'ART-405', 'Agile Train', 'PI-2102', 1585, 1586, 1587, 1588, 1589, 1590, 9525),
(390, 'ART-500', 'Agile Train', 'PI-2102', 3350, 3352, 3354, 3356, 3358, 3360, 20130),
(391, 'ART-501', 'Agile Train', 'PI-2102', 3368, 3370, 3372, 3374, 3376, 3378, 20238),
(392, 'ART-502', 'Agile Train', 'PI-2102', 3380, 3382, 3384, 3386, 3388, 3390, 20310),
(393, 'ART-503', 'Agile Train', 'PI-2102', 3392, 3394, 3396, 3398, 3400, 3402, 20382),
(394, 'ART-504', 'Agile Train', 'PI-2102', 3350, 3352, 3354, 3356, 3358, 3360, 20130),
(395, 'ART-600', 'Agile Train', 'PI-2102', 6472, 6476, 6480, 6484, 6488, 6492, 38892),
(396, 'ART-601', 'Agile Train', 'PI-2102', 4815, 4818, 4821, 4824, 4827, 4830, 28935),
(397, 'ART-602', 'Agile Train', 'PI-2102', 6544, 6548, 6552, 6556, 6560, 6564, 39324);

-- --------------------------------------------------------

--
-- Table structure for table `ceremonies`
--

CREATE TABLE `ceremonies` (
  `id` int(5) NOT NULL,
  `name` varchar(64) NOT NULL,
  `category` varchar(20) NOT NULL,
  `level` varchar(30) NOT NULL,
  `description` varchar(255) NOT NULL,
  `facilitator` varchar(30) NOT NULL,
  `required` varchar(128) NOT NULL,
  `optional` varchar(128) NOT NULL,
  `cadence` varchar(50) NOT NULL,
  `time_lower` int(2) NOT NULL,
  `time_upper` int(2) NOT NULL,
  `contains_demo` tinyint(1) NOT NULL,
  `demo_lead` varchar(30) NOT NULL,
  `is_optional` tinyint(1) NOT NULL,
  `is_safe` tinyint(1) NOT NULL,
  `safe_link` varchar(128) NOT NULL,
  `status` varchar(20) NOT NULL,
  `comments` varchar(255) NOT NULL
) ENGINE=InnoDB DEFAULT CHARSET=latin1;

--
-- Dumping data for table `ceremonies`
--

INSERT INTO `ceremonies` (`id`, `name`, `category`, `level`, `description`, `facilitator`, `required`, `optional`, `cadence`, `time_lower`, `time_upper`, `contains_demo`, `demo_lead`, `is_optional`, `is_safe`, `safe_link`, `status`, `comments`) VALUES
(10, 'Solution Demo_10', 'Other', 'Solution Level', 'blah', 'Release Train engineer', 'Agile Team', 'Business Team', 'Yearly', 10, 120, 1, 'Product Architect', 0, 1, 'https://www.scaledagileframework.com/solution-demo/', 'Approved', 'Needs review.'),
(100, 'Solution Demo_100', 'Other', 'Solution Level', 'blah', 'Release Train engineer', 'Agile Team', 'Business Team', 'Yearly', 60, 120, 1, 'Lead Engineer', 0, 1, 'https://www.scaledagileframework.com/solution-demo/', 'Obsoleted', 'Not required.'),
(11, 'Solution Demo_11', 'Review', 'Portfolio', 'blah', 'Release Train engineer', 'Agile Team', 'Business Team', 'Quartely', 60, 120, 1, 'Product Designer', 1, 1, 'https://www.scaledagileframework.com/solution-demo/', 'Approved', 'Modify the requirements.'),
(12, 'Solution Demo_12', 'Planning', 'Solution Level', 'blah', 'Release Train engineer', 'Agile Team', 'Business Team', 'Weekly', 40, 80, 1, 'Lead Engineer', 0, 1, 'https://www.scaledagileframework.com/solution-demo/', 'Proposed', 'Not required.'),
(13, 'Solution Demo_13', 'Status', 'Agile Level', 'blah', 'Release Train engineer', 'Agile Team', 'Business Team', 'Once every month', 50, 80, 1, 'Product Manager', 0, 1, 'https://www.scaledagileframework.com/solution-demo/', 'Rejected', 'Good'),
(14, 'Solution Demo_14', 'Demo', 'Agile Release Train', 'blah', 'Release Train engineer', 'Agile Team', 'Business Team', 'Daily', 15, 35, 1, 'Product Architect', 0, 1, 'https://www.scaledagileframework.com/solution-demo/', 'Obsoleted', 'Needs review.'),
(15, 'Solution Demo_15', 'Other', 'Solution Train', 'blah', 'Release Train engineer', 'Agile Team', 'Business Team', 'Weekly', 30, 120, 1, 'Product Designer', 1, 1, 'https://www.scaledagileframework.com/solution-demo/', 'Approved', 'Modify the requirements.'),
(16, 'Solution Demo_16', 'Review', 'Solution Level', 'blah', 'Release Train engineer', 'Agile Team', 'Business Team', 'Yearly', 20, 120, 1, 'Lead Engineer', 0, 1, 'https://www.scaledagileframework.com/solution-demo/', 'Approved', 'Not required.'),
(17, 'Solution Demo_17', 'Planning', 'Portfolio', 'blah', 'Release Train engineer', 'Agile Team', 'Business Team', 'Quartely', 10, 120, 1, 'Product Manager', 0, 1, 'https://www.scaledagileframework.com/solution-demo/', 'Proposed', 'Good'),
(18, 'Solution Demo_18', 'Status', 'Solution Level', 'blah', 'Release Train engineer', 'Agile Team', 'Business Team', 'Weekly', 20, 60, 1, 'Product Architect', 0, 1, 'https://www.scaledagileframework.com/solution-demo/', 'Rejected', 'Needs review.'),
(19, 'Solution Demo_19', 'Demo', 'Agile Level', 'blah', 'Release Train engineer', 'Agile Team', 'Business Team', 'Once every month', 40, 40, 1, 'Product Designer', 0, 1, 'https://www.scaledagileframework.com/solution-demo/', 'Obsoleted', 'Modify the requirements.'),
(2, 'Solution Demo_2', 'Planning', 'Agile Release Train', 'blah', 'Release Train engineer', 'Agile Team', 'Business Team', 'Daily', 20, 40, 1, 'Product Architect', 1, 0, 'https://www.scaledagileframework.com/solution-demo/', 'Proposed', 'Needs review.'),
(20, 'Solution Demo_20', 'Other', 'Agile Release Train', 'blah', 'Release Train engineer', 'Agile Team', 'Business Team', 'Daily', 50, 120, 1, 'Lead Engineer', 1, 1, 'https://www.scaledagileframework.com/solution-demo/', 'Approved', 'Not required.'),
(21, 'Solution Demo_21', 'Review', 'Solution Train', 'blah', 'Release Train engineer', 'Agile Team', 'Business Team', 'Weekly', 15, 120, 1, 'Product Manager', 0, 1, 'https://www.scaledagileframework.com/solution-demo/', 'Approved', 'Good'),
(22, 'Solution Demo_22', 'Planning', 'Solution Level', 'blah', 'Release Train engineer', 'Agile Team', 'Business Team', 'Yearly', 60, 80, 1, 'Product Architect', 0, 1, 'https://www.scaledagileframework.com/solution-demo/', 'Proposed', 'Needs review.'),
(23, 'Solution Demo_23', 'Status', 'Portfolio', 'blah', 'Release Train engineer', 'Agile Team', 'Business Team', 'Quartely', 30, 80, 1, 'Product Designer', 0, 1, 'https://www.scaledagileframework.com/solution-demo/', 'Rejected', 'Modify the requirements.'),
(24, 'Solution Demo_24', 'Demo', 'Solution Level', 'blah', 'Release Train engineer', 'Agile Team', 'Business Team', 'Weekly', 20, 35, 1, 'Lead Engineer', 1, 1, 'https://www.scaledagileframework.com/solution-demo/', 'Obsoleted', 'Not required.'),
(25, 'Solution Demo_25', 'Other', 'Agile Level', 'blah', 'Release Train engineer', 'Agile Team', 'Business Team', 'Once every month', 10, 120, 1, 'Product Manager', 0, 1, 'https://www.scaledagileframework.com/solution-demo/', 'Approved', 'Good'),
(26, 'Solution Demo_26', 'Review', 'Agile Release Train', 'blah', 'Release Train engineer', 'Agile Team', 'Business Team', 'Daily', 30, 120, 1, 'Product Architect', 1, 1, 'https://www.scaledagileframework.com/solution-demo/', 'Proposed', 'Needs review.'),
(27, 'Solution Demo_27', 'Planning', 'Solution Train', 'blah', 'Release Train engineer', 'Agile Team', 'Business Team', 'Weekly', 40, 120, 1, 'Product Designer', 0, 1, 'https://www.scaledagileframework.com/solution-demo/', 'Rejected', 'Modify the requirements.'),
(28, 'Solution Demo_28', 'Status', 'Solution Level', 'blah', 'Release Train engineer', 'Agile Team', 'Business Team', 'Yearly', 50, 60, 1, 'Lead Engineer', 1, 1, 'https://www.scaledagileframework.com/solution-demo/', 'Obsoleted', 'Not required.'),
(29, 'Solution Demo_29', 'Demo', 'Portfolio', 'blah', 'Release Train engineer', 'Agile Team', 'Business Team', 'Quartely', 15, 40, 1, 'Product Manager', 0, 1, 'https://www.scaledagileframework.com/solution-demo/', 'Approved', 'Good'),
(3, 'Solution Demo_3', 'Status', 'Solution Train', 'blah', 'Release Train engineer', 'Agile Team', 'Business Team', 'Weekly', 10, 120, 1, 'Product Designer', 1, 1, 'https://www.scaledagileframework.com/solution-demo/', 'Rejected', 'Modify the requirements.'),
(30, 'Solution Demo_30', 'Other', 'Solution Level', 'blah', 'Release Train engineer', 'Agile Team', 'Business Team', 'Weekly', 30, 120, 1, 'Product Architect', 0, 1, 'https://www.scaledagileframework.com/solution-demo/', 'Approved', 'Needs review.'),
(31, 'Solution Demo_31', 'Review', 'Agile Level', 'blah', 'Release Train engineer', 'Agile Team', 'Business Team', 'Once every month', 20, 120, 1, 'Product Designer', 1, 1, 'https://www.scaledagileframework.com/solution-demo/', 'Proposed', 'Modify the requirements.'),
(32, 'Solution Demo_32', 'Planning', 'Agile Release Train', 'blah', 'Release Train engineer', 'Agile Team', 'Business Team', 'Daily', 10, 80, 1, 'Lead Engineer', 0, 1, 'https://www.scaledagileframework.com/solution-demo/', 'Rejected', 'Not required.'),
(33, 'Solution Demo_33', 'Status', 'Solution Train', 'blah', 'Release Train engineer', 'Agile Team', 'Business Team', 'Weekly', 20, 80, 1, 'Product Manager', 1, 1, 'https://www.scaledagileframework.com/solution-demo/', 'Obsoleted', 'Good'),
(34, 'Solution Demo_34', 'Demo', 'Solution Level', 'blah', 'Release Train engineer', 'Agile Team', 'Business Team', 'Yearly', 40, 35, 1, 'Product Architect', 1, 1, 'https://www.scaledagileframework.com/solution-demo/', 'Approved', 'Needs review.'),
(35, 'Solution Demo_35', 'Other', 'Portfolio', 'blah', 'Release Train engineer', 'Agile Team', 'Business Team', 'Quartely', 50, 120, 1, 'Product Designer', 1, 1, 'https://www.scaledagileframework.com/solution-demo/', 'Approved', 'Modify the requirements.'),
(36, 'Solution Demo_36', 'Review', 'Solution Level', 'blah', 'Release Train engineer', 'Agile Team', 'Business Team', 'Weekly', 15, 120, 1, 'Lead Engineer', 0, 1, 'https://www.scaledagileframework.com/solution-demo/', 'Proposed', 'Not required.'),
(37, 'Solution Demo_37', 'Planning', 'Agile Level', 'blah', 'Release Train engineer', 'Agile Team', 'Business Team', 'Once every month', 60, 60, 1, 'Product Manager', 0, 1, 'https://www.scaledagileframework.com/solution-demo/', 'Rejected', 'Good'),
(38, 'Solution Demo_38', 'Status', 'Agile Release Train', 'blah', 'Release Train engineer', 'Agile Team', 'Business Team', 'Daily', 60, 40, 1, 'Product Architect', 1, 1, 'https://www.scaledagileframework.com/solution-demo/', 'Obsoleted', 'Needs review.'),
(39, 'Solution Demo_39', 'Demo', 'Solution Train', 'blah', 'Release Train engineer', 'Agile Team', 'Business Team', 'Weekly', 30, 120, 1, 'Product Designer', 0, 1, 'https://www.scaledagileframework.com/solution-demo/', 'Approved', 'Modify the requirements.'),
(4, 'Solution Demo_4', 'Demo', 'Solution Level', 'blah', 'Release Train engineer', 'Agile Team', 'Business Team', 'Yearly', 60, 120, 1, 'Lead Engineer', 0, 1, 'https://www.scaledagileframework.com/solution-demo/', 'Obsoleted', 'Not required.'),
(40, 'Solution Demo_40', 'Other', 'Solution Level', 'blah', 'Release Train engineer', 'Agile Team', 'Business Team', 'Yearly', 20, 120, 1, 'Lead Engineer', 1, 1, 'https://www.scaledagileframework.com/solution-demo/', 'Approved', 'Not required.'),
(41, 'Solution Demo_41', 'Review', 'Portfolio', 'blah', 'Release Train engineer', 'Agile Team', 'Business Team', 'Quartely', 10, 80, 1, 'Product Manager', 1, 1, 'https://www.scaledagileframework.com/solution-demo/', 'Proposed', 'Good'),
(42, 'Solution Demo_42', 'Planning', 'Solution Level', 'blah', 'Release Train engineer', 'Agile Team', 'Business Team', 'Weekly', 15, 80, 1, 'Product Architect', 0, 1, 'https://www.scaledagileframework.com/solution-demo/', 'Rejected', 'Needs review.'),
(43, 'Solution Demo_43', 'Status', 'Agile Level', 'blah', 'Release Train engineer', 'Agile Team', 'Business Team', 'Once every month', 40, 35, 1, 'Product Designer', 1, 1, 'https://www.scaledagileframework.com/solution-demo/', 'Obsoleted', 'Modify the requirements.'),
(44, 'Solution Demo_44', 'Demo', 'Agile Release Train', 'blah', 'Release Train engineer', 'Agile Team', 'Business Team', 'Daily', 50, 120, 1, 'Lead Engineer', 0, 1, 'https://www.scaledagileframework.com/solution-demo/', 'Approved', 'Not required.'),
(45, 'Solution Demo_45', 'Other', 'Solution Train', 'blah', 'Release Train engineer', 'Agile Team', 'Business Team', 'Weekly', 15, 120, 1, 'Product Manager', 1, 1, 'https://www.scaledagileframework.com/solution-demo/', 'Approved', 'Good'),
(46, 'Solution Demo_46', 'Review', 'Solution Level', 'blah', 'Release Train engineer', 'Agile Team', 'Business Team', 'Yearly', 60, 60, 1, 'Product Architect', 0, 1, 'https://www.scaledagileframework.com/solution-demo/', 'Proposed', 'Needs review.'),
(47, 'Solution Demo_47', 'Planning', 'Portfolio', 'blah', 'Release Train engineer', 'Agile Team', 'Business Team', 'Quartely', 60, 40, 1, 'Product Designer', 0, 1, 'https://www.scaledagileframework.com/solution-demo/', 'Rejected', 'Modify the requirements.'),
(48, 'Solution Demo_48', 'Status', 'Solution Level', 'blah', 'Release Train engineer', 'Agile Team', 'Business Team', 'Weekly', 60, 120, 1, 'Lead Engineer', 1, 1, 'https://www.scaledagileframework.com/solution-demo/', 'Obsoleted', 'Not required.'),
(49, 'Solution Demo_49', 'Demo', 'Agile Level', 'blah', 'Release Train engineer', 'Agile Team', 'Business Team', 'Once every month', 30, 120, 1, 'Product Manager', 0, 1, 'https://www.scaledagileframework.com/solution-demo/', 'Approved', 'Good'),
(5, 'Solution Demo_5', 'Other', 'Portfolio', 'blah', 'Release Train engineer', 'Agile Team', 'Business Team', 'Quartely', 40, 80, 1, 'Product Manager', 1, 1, 'https://www.scaledagileframework.com/solution-demo/', 'Approved', 'Good'),
(50, 'Solution Demo_50', 'Other', 'Agile Release Train', 'blah', 'Release Train engineer', 'Agile Team', 'Business Team', 'Daily', 20, 80, 1, 'Product Architect', 0, 1, 'https://www.scaledagileframework.com/solution-demo/', 'Proposed', 'Needs review.'),
(51, 'Solution Demo_51', 'Review', 'Solution Train', 'blah', 'Release Train engineer', 'Agile Team', 'Business Team', 'Weekly', 10, 80, 1, 'Product Designer', 1, 1, 'https://www.scaledagileframework.com/solution-demo/', 'Rejected', 'Modify the requirements.'),
(52, 'Solution Demo_52', 'Planning', 'Solution Level', 'blah', 'Release Train engineer', 'Agile Team', 'Business Team', 'Yearly', 20, 35, 1, 'Lead Engineer', 0, 1, 'https://www.scaledagileframework.com/solution-demo/', 'Obsoleted', 'Not required.'),
(53, 'Solution Demo_53', 'Status', 'Portfolio', 'blah', 'Release Train engineer', 'Agile Team', 'Business Team', 'Quartely', 40, 120, 1, 'Product Manager', 1, 1, 'https://www.scaledagileframework.com/solution-demo/', 'Approved', 'Good'),
(54, 'Solution Demo_54', 'Demo', 'Solution Level', 'blah', 'Release Train engineer', 'Agile Team', 'Business Team', 'Weekly', 50, 120, 1, 'Product Architect', 0, 1, 'https://www.scaledagileframework.com/solution-demo/', 'Approved', 'Needs review.'),
(55, 'Solution Demo_55', 'Other', 'Agile Level', 'blah', 'Release Train engineer', 'Agile Team', 'Business Team', 'Once every month', 15, 120, 1, 'Product Designer', 0, 1, 'https://www.scaledagileframework.com/solution-demo/', 'Proposed', 'Modify the requirements.'),
(56, 'Solution Demo_56', 'Review', 'Agile Release Train', 'blah', 'Release Train engineer', 'Agile Team', 'Business Team', 'Daily', 60, 120, 1, 'Lead Engineer', 0, 1, 'https://www.scaledagileframework.com/solution-demo/', 'Rejected', 'Not required.'),
(57, 'Solution Demo_57', 'Planning', 'Solution Train', 'blah', 'Release Train engineer', 'Agile Team', 'Business Team', 'Weekly', 60, 60, 1, 'Product Manager', 1, 1, 'https://www.scaledagileframework.com/solution-demo/', 'Obsoleted', 'Good'),
(58, 'Solution Demo_58', 'Status', 'Solution Level', 'blah', 'Release Train engineer', 'Agile Team', 'Business Team', 'Yearly', 60, 40, 1, 'Product Architect', 0, 1, 'https://www.scaledagileframework.com/solution-demo/', 'Approved', 'Needs review.'),
(59, 'Solution Demo_59', 'Demo', 'Portfolio', 'blah', 'Release Train engineer', 'Agile Team', 'Business Team', 'Quartely', 30, 120, 1, 'Product Designer', 1, 1, 'https://www.scaledagileframework.com/solution-demo/', 'Approved', 'Modify the requirements.'),
(6, 'Solution Demo_6', 'Review', 'Solution Level', 'blah', 'Release Train engineer', 'Agile Team', 'Business Team', 'Weekly', 50, 80, 1, 'Product Architect', 0, 1, 'https://www.scaledagileframework.com/solution-demo/', 'Approved', 'Needs review.'),
(60, 'Solution Demo_60', 'Other', 'Solution Level', 'blah', 'Release Train engineer', 'Agile Team', 'Business Team', 'Weekly', 20, 120, 1, 'Lead Engineer', 0, 1, 'https://www.scaledagileframework.com/solution-demo/', 'Proposed', 'Not required.'),
(61, 'Solution Demo_61', 'Review', 'Agile Level', 'blah', 'Release Train engineer', 'Agile Team', 'Business Team', 'Once every month', 10, 80, 1, 'Product Manager', 1, 1, 'https://www.scaledagileframework.com/solution-demo/', 'Rejected', 'Good'),
(62, 'Solution Demo_62', 'Planning', 'Agile Release Train', 'blah', 'Release Train engineer', 'Agile Team', 'Business Team', 'Daily', 40, 80, 1, 'Product Architect', 0, 1, 'https://www.scaledagileframework.com/solution-demo/', 'Obsoleted', 'Needs review.'),
(63, 'Solution Demo_63', 'Status', 'Solution Train', 'blah', 'Release Train engineer', 'Agile Team', 'Business Team', 'Weekly', 40, 35, 1, 'Product Designer', 0, 1, 'https://www.scaledagileframework.com/solution-demo/', 'Approved', 'Modify the requirements.'),
(64, 'Solution Demo_64', 'Demo', 'Solution Level', 'blah', 'Release Train engineer', 'Agile Team', 'Business Team', 'Yearly', 50, 120, 1, 'Lead Engineer', 1, 1, 'https://www.scaledagileframework.com/solution-demo/', 'Approved', 'Not required.'),
(65, 'Solution Demo_65', 'Other', 'Portfolio', 'blah', 'Release Train engineer', 'Agile Team', 'Business Team', 'Quartely', 15, 120, 1, 'Product Manager', 0, 1, 'https://www.scaledagileframework.com/solution-demo/', 'Proposed', 'Good'),
(66, 'Solution Demo_66', 'Review', 'Solution Level', 'blah', 'Release Train engineer', 'Agile Team', 'Business Team', 'Weekly', 60, 120, 1, 'Product Architect', 0, 1, 'https://www.scaledagileframework.com/solution-demo/', 'Rejected', 'Needs review.'),
(67, 'Solution Demo_67', 'Planning', 'Agile Level', 'blah', 'Release Train engineer', 'Agile Team', 'Business Team', 'Once every month', 60, 60, 1, 'Product Designer', 1, 1, 'https://www.scaledagileframework.com/solution-demo/', 'Obsoleted', 'Modify the requirements.'),
(68, 'Solution Demo_68', 'Status', 'Agile Release Train', 'blah', 'Release Train engineer', 'Agile Team', 'Business Team', 'Daily', 60, 40, 1, 'Lead Engineer', 0, 1, 'https://www.scaledagileframework.com/solution-demo/', 'Approved', 'Not required.'),
(69, 'Solution Demo_69', 'Demo', 'Solution Train', 'blah', 'Release Train engineer', 'Agile Team', 'Business Team', 'Weekly', 30, 120, 1, 'Product Manager', 1, 1, 'https://www.scaledagileframework.com/solution-demo/', 'Approved', 'Good'),
(7, 'Solution Demo_7', 'Planning', 'Agile Level', 'blah', 'Release Train engineer', 'Agile Team', 'Business Team', 'Once every month', 15, 35, 1, 'Product Designer', 1, 1, 'https://www.scaledagileframework.com/solution-demo/', 'Proposed', 'Modify the requirements.'),
(70, 'Solution Demo_70', 'Other', 'Solution Level', 'blah', 'Release Train engineer', 'Agile Team', 'Business Team', 'Yearly', 20, 120, 1, 'Product Architect', 0, 1, 'https://www.scaledagileframework.com/solution-demo/', 'Proposed', 'Needs review.'),
(71, 'Solution Demo_71', 'Review', 'Portfolio', 'blah', 'Release Train engineer', 'Agile Team', 'Business Team', 'Quartely', 10, 80, 1, 'Product Designer', 0, 1, 'https://www.scaledagileframework.com/solution-demo/', 'Rejected', 'Modify the requirements.'),
(72, 'Solution Demo_72', 'Planning', 'Solution Level', 'blah', 'Release Train engineer', 'Agile Team', 'Business Team', 'Weekly', 30, 80, 1, 'Lead Engineer', 1, 1, 'https://www.scaledagileframework.com/solution-demo/', 'Obsoleted', 'Not required.'),
(73, 'Solution Demo_73', 'Status', 'Agile Level', 'blah', 'Release Train engineer', 'Agile Team', 'Business Team', 'Once every month', 40, 35, 1, 'Product Manager', 0, 1, 'https://www.scaledagileframework.com/solution-demo/', 'Approved', 'Good'),
(74, 'Solution Demo_74', 'Demo', 'Agile Release Train', 'blah', 'Release Train engineer', 'Agile Team', 'Business Team', 'Daily', 50, 120, 1, 'Product Architect', 0, 1, 'https://www.scaledagileframework.com/solution-demo/', 'Proposed', 'Needs review.'),
(75, 'Solution Demo_75', 'Other', 'Solution Train', 'blah', 'Release Train engineer', 'Agile Team', 'Business Team', 'Weekly', 15, 120, 1, 'Product Designer', 0, 1, 'https://www.scaledagileframework.com/solution-demo/', 'Rejected', 'Modify the requirements.'),
(76, 'Solution Demo_76', 'Review', 'Solution Level', 'blah', 'Release Train engineer', 'Agile Team', 'Business Team', 'Yearly', 60, 120, 1, 'Lead Engineer', 0, 1, 'https://www.scaledagileframework.com/solution-demo/', 'Obsoleted', 'Not required.'),
(77, 'Solution Demo_77', 'Planning', 'Portfolio', 'blah', 'Release Train engineer', 'Agile Team', 'Business Team', 'Quartely', 60, 120, 1, 'Product Manager', 1, 1, 'https://www.scaledagileframework.com/solution-demo/', 'Approved', 'Good'),
(78, 'Solution Demo_78', 'Status', 'Solution Level', 'blah', 'Release Train engineer', 'Agile Team', 'Business Team', 'Weekly', 60, 60, 1, 'Product Architect', 0, 1, 'https://www.scaledagileframework.com/solution-demo/', 'Approved', 'Needs review.'),
(79, 'Solution Demo_79', 'Demo', 'Agile Level', 'blah', 'Release Train engineer', 'Agile Team', 'Business Team', 'Once every month', 30, 40, 1, 'Product Designer', 1, 1, 'https://www.scaledagileframework.com/solution-demo/', 'Proposed', 'Modify the requirements.'),
(8, 'Solution Demo_8', 'Status', 'Agile Release Train', 'blah', 'Release Train engineer', 'Agile Team', 'Business Team', 'Daily', 30, 60, 1, 'Lead Engineer', 1, 1, 'https://www.scaledagileframework.com/solution-demo/', 'Rejected', 'Not required.'),
(80, 'Solution Demo_80', 'Other', 'Agile Release Train', 'blah', 'Release Train engineer', 'Agile Team', 'Business Team', 'Daily', 20, 120, 1, 'Lead Engineer', 0, 1, 'https://www.scaledagileframework.com/solution-demo/', 'Rejected', 'Not required.'),
(81, 'Solution Demo_81', 'Review', 'Solution Train', 'blah', 'Release Train engineer', 'Agile Team', 'Business Team', 'Weekly', 10, 120, 1, 'Product Manager', 0, 1, 'https://www.scaledagileframework.com/solution-demo/', 'Obsoleted', 'Good'),
(82, 'Solution Demo_82', 'Planning', 'Solution Level', 'blah', 'Release Train engineer', 'Agile Team', 'Business Team', 'Yearly', 20, 80, 1, 'Product Architect', 1, 1, 'https://www.scaledagileframework.com/solution-demo/', 'Approved', 'Needs review.'),
(83, 'Solution Demo_83', 'Status', 'Portfolio', 'blah', 'Release Train engineer', 'Agile Team', 'Business Team', 'Quartely', 40, 80, 1, 'Product Designer', 1, 1, 'https://www.scaledagileframework.com/solution-demo/', 'Approved', 'Modify the requirements.'),
(84, 'Solution Demo_84', 'Demo', 'Solution Level', 'blah', 'Release Train engineer', 'Agile Team', 'Business Team', 'Weekly', 50, 35, 1, 'Lead Engineer', 0, 1, 'https://www.scaledagileframework.com/solution-demo/', 'Proposed', 'Not required.'),
(85, 'Solution Demo_85', 'Other', 'Agile Level', 'blah', 'Release Train engineer', 'Agile Team', 'Business Team', 'Once every month', 15, 120, 1, 'Product Manager', 1, 1, 'https://www.scaledagileframework.com/solution-demo/', 'Rejected', 'Good'),
(86, 'Solution Demo_86', 'Review', 'Agile Release Train', 'blah', 'Release Train engineer', 'Agile Team', 'Business Team', 'Daily', 60, 120, 1, 'Product Architect', 0, 1, 'https://www.scaledagileframework.com/solution-demo/', 'Obsoleted', 'Needs review.'),
(87, 'Solution Demo_87', 'Planning', 'Solution Train', 'blah', 'Release Train engineer', 'Agile Team', 'Business Team', 'Weekly', 60, 120, 1, 'Product Designer', 0, 1, 'https://www.scaledagileframework.com/solution-demo/', 'Approved', 'Modify the requirements.'),
(88, 'Solution Demo_88', 'Status', 'Solution Level', 'blah', 'Release Train engineer', 'Agile Team', 'Business Team', 'Yearly', 60, 120, 1, 'Lead Engineer', 1, 1, 'https://www.scaledagileframework.com/solution-demo/', 'Approved', 'Not required.'),
(89, 'Solution Demo_89', 'Demo', 'Portfolio', 'blah', 'Release Train engineer', 'Agile Team', 'Business Team', 'Quartely', 30, 60, 1, 'Product Manager', 1, 1, 'https://www.scaledagileframework.com/solution-demo/', 'Proposed', 'Good'),
(9, 'Solution Demo_9', 'Demo', 'Solution Train', 'blah', 'Release Train engineer', 'Agile Team', 'Business Team', 'Weekly', 20, 40, 1, 'Product Manager', 0, 1, 'https://www.scaledagileframework.com/solution-demo/', 'Obsoleted', 'Good'),
(90, 'Solution Demo_90', 'Other', 'Solution Level', 'blah', 'Release Train engineer', 'Agile Team', 'Business Team', 'Weekly', 20, 40, 1, 'Product Architect', 0, 1, 'https://www.scaledagileframework.com/solution-demo/', 'Rejected', 'Needs review.'),
(91, 'Solution Demo_91', 'Review', 'Agile Level', 'blah', 'Release Train engineer', 'Agile Team', 'Business Team', 'Once every month', 10, 120, 1, 'Product Designer', 0, 1, 'https://www.scaledagileframework.com/solution-demo/', 'Obsoleted', 'Modify the requirements.'),
(92, 'Solution Demo_92', 'Planning', 'Agile Release Train', 'blah', 'Release Train engineer', 'Agile Team', 'Business Team', 'Daily', 60, 120, 1, 'Lead Engineer', 0, 1, 'https://www.scaledagileframework.com/solution-demo/', 'Approved', 'Not required.'),
(93, 'Solution Demo_93', 'Status', 'Solution Train', 'blah', 'Release Train engineer', 'Agile Team', 'Business Team', 'Weekly', 40, 80, 1, 'Product Manager', 1, 1, 'https://www.scaledagileframework.com/solution-demo/', 'Approved', 'Good'),
(94, 'Solution Demo_94', 'Demo', 'Solution Level', 'blah', 'Release Train engineer', 'Agile Team', 'Business Team', 'Yearly', 50, 80, 1, 'Product Architect', 0, 1, 'https://www.scaledagileframework.com/solution-demo/', 'Proposed', 'Needs review.'),
(95, 'Solution Demo_95', 'Other', 'Portfolio', 'blah', 'Release Train engineer', 'Agile Team', 'Business Team', 'Quartely', 15, 35, 1, 'Product Designer', 0, 1, 'https://www.scaledagileframework.com/solution-demo/', 'Rejected', 'Modify the requirements.'),
(96, 'Solution Demo_96', 'Review', 'Solution Level', 'blah', 'Release Train engineer', 'Agile Team', 'Business Team', 'Weekly', 60, 120, 1, 'Lead Engineer', 0, 1, 'https://www.scaledagileframework.com/solution-demo/', 'Obsoleted', 'Not required.'),
(97, 'Solution Demo_97', 'Planning', 'Agile Level', 'blah', 'Release Train engineer', 'Agile Team', 'Business Team', 'Once every month', 60, 80, 1, 'Product Manager', 1, 1, 'https://www.scaledagileframework.com/solution-demo/', 'Approved', 'Good'),
(98, 'Solution Demo_98', 'Status', 'Agile Release Train', 'blah', 'Release Train engineer', 'Agile Team', 'Business Team', 'Daily', 60, 90, 1, 'Product Architect', 1, 1, 'https://www.scaledagileframework.com/solution-demo/', 'Proposed', 'Needs review.'),
(99, 'Solution Demo_99', 'Demo', 'Solution Train', 'blah', 'Release Train engineer', 'Agile Team', 'Business Team', 'Weekly', 60, 120, 1, 'Product Designer', 0, 1, 'https://www.scaledagileframework.com/solution-demo/', 'Rejected', 'Modify the requirements.');

-- --------------------------------------------------------

--
-- Table structure for table `checklists`
--

CREATE TABLE `checklists` (
  `id` int(4) NOT NULL COMMENT 'unique_id',
  `title` varchar(100) NOT NULL,
  `description` varchar(300) DEFAULT NULL,
  `status` varchar(3) NOT NULL COMMENT 'YES, NO, WIP, NA',
  `team_id` varchar(50) NOT NULL,
  `team_name` varchar(55) NOT NULL,
  `ceremony_id` int(5) DEFAULT NULL,
  `ceremony_name` varchar(64) DEFAULT NULL,
  `PI_id` varchar(10) DEFAULT NULL,
  `iteration_id` varchar(10) DEFAULT NULL,
  `links` varchar(200) DEFAULT NULL,
  `comments` varchar(200) DEFAULT NULL
) ENGINE=InnoDB DEFAULT CHARSET=latin1;

-- --------------------------------------------------------

--
-- Table structure for table `employees`
--

CREATE TABLE `employees` (
  `number` int(10) NOT NULL,
  `last_name` varchar(30) NOT NULL,
  `first_name` varchar(30) NOT NULL,
  `status` varchar(15) DEFAULT NULL,
  `exempt` varchar(10) DEFAULT NULL,
  `work_city` varchar(30) DEFAULT NULL,
  `work_ctry` char(2) DEFAULT NULL,
  `cost_center` varchar(10) DEFAULT NULL,
  `cost_center_manager` varchar(30) DEFAULT NULL,
  `managers_first_name` varchar(30) DEFAULT NULL,
  `managers_last_name` varchar(30) DEFAULT NULL,
  `admin_name` varchar(30) DEFAULT NULL,
  `email_address` varchar(50) DEFAULT NULL,
  `level_3_mgr_last_name` varchar(30) DEFAULT NULL,
  `level_3_mgr_first_name` varchar(30) DEFAULT NULL,
  `primary_project` varchar(50) DEFAULT NULL,
  `secondary_project` varchar(50) DEFAULT NULL,
  `org` varchar(3) NOT NULL,
  `managers_number` varchar(10) NOT NULL,
  `lvl_3_mgr_number` varchar(10) NOT NULL
) ENGINE=InnoDB DEFAULT CHARSET=latin1 COMMENT='This table is used to store Employees';

--
-- Dumping data for table `employees`
--

INSERT INTO `employees` (`number`, `last_name`, `first_name`, `status`, `exempt`, `work_city`, `work_ctry`, `cost_center`, `cost_center_manager`, `managers_first_name`, `managers_last_name`, `admin_name`, `email_address`, `level_3_mgr_last_name`, `level_3_mgr_first_name`, `primary_project`, `secondary_project`, `org`, `managers_number`, `lvl_3_mgr_number`) VALUES
(1, 'SMITH', 'MARY', NULL, NULL, NULL, NULL, NULL, NULL, NULL, NULL, NULL, 'MARY.SMITH@sakilacustomer.org', NULL, NULL, NULL, NULL, '', '', ''),
(2, 'JOHNSON', 'PATRICIA', NULL, NULL, NULL, NULL, NULL, NULL, NULL, NULL, NULL, 'PATRICIA.JOHNSON@sakilacustomer.org', NULL, NULL, NULL, NULL, '', '', ''),
(3, 'WILLIAMS', 'LINDA', NULL, NULL, NULL, NULL, NULL, NULL, NULL, NULL, NULL, 'LINDA.WILLIAMS@sakilacustomer.org', NULL, NULL, NULL, NULL, '', '', ''),
(4, 'JONES', 'BARBARA', NULL, NULL, NULL, NULL, NULL, NULL, NULL, NULL, NULL, 'BARBARA.JONES@sakilacustomer.org', NULL, NULL, NULL, NULL, '', '', ''),
(5, 'BROWN', 'ELIZABETH', NULL, NULL, NULL, NULL, NULL, NULL, NULL, NULL, NULL, 'ELIZABETH.BROWN@sakilacustomer.org', NULL, NULL, NULL, NULL, '', '', ''),
(6, 'DAVIS', 'JENNIFER', NULL, NULL, NULL, NULL, NULL, NULL, NULL, NULL, NULL, 'JENNIFER.DAVIS@sakilacustomer.org', NULL, NULL, NULL, NULL, '', '', ''),
(7, 'MILLER', 'MARIA', NULL, NULL, NULL, NULL, NULL, NULL, NULL, NULL, NULL, 'MARIA.MILLER@sakilacustomer.org', NULL, NULL, NULL, NULL, '', '', ''),
(8, 'WILSON', 'SUSAN', NULL, NULL, NULL, NULL, NULL, NULL, NULL, NULL, NULL, 'SUSAN.WILSON@sakilacustomer.org', NULL, NULL, NULL, NULL, '', '', ''),
(9, 'MOORE', 'MARGARET', NULL, NULL, NULL, NULL, NULL, NULL, NULL, NULL, NULL, 'MARGARET.MOORE@sakilacustomer.org', NULL, NULL, NULL, NULL, '', '', ''),
(10, 'TAYLOR', 'DOROTHY', NULL, NULL, NULL, NULL, NULL, NULL, NULL, NULL, NULL, 'DOROTHY.TAYLOR@sakilacustomer.org', NULL, NULL, NULL, NULL, '', '', ''),
(11, 'ANDERSON', 'LISA', NULL, NULL, NULL, NULL, NULL, NULL, NULL, NULL, NULL, 'LISA.ANDERSON@sakilacustomer.org', NULL, NULL, NULL, NULL, '', '', ''),
(12, 'THOMAS', 'NANCY', NULL, NULL, NULL, NULL, NULL, NULL, NULL, NULL, NULL, 'NANCY.THOMAS@sakilacustomer.org', NULL, NULL, NULL, NULL, '', '', ''),
(13, 'JACKSON', 'KAREN', NULL, NULL, NULL, NULL, NULL, NULL, NULL, NULL, NULL, 'KAREN.JACKSON@sakilacustomer.org', NULL, NULL, NULL, NULL, '', '', ''),
(14, 'WHITE', 'BETTY', NULL, NULL, NULL, NULL, NULL, NULL, NULL, NULL, NULL, 'BETTY.WHITE@sakilacustomer.org', NULL, NULL, NULL, NULL, '', '', ''),
(15, 'HARRIS', 'HELEN', NULL, NULL, NULL, NULL, NULL, NULL, NULL, NULL, NULL, 'HELEN.HARRIS@sakilacustomer.org', NULL, NULL, NULL, NULL, '', '', ''),
(16, 'MARTIN', 'SANDRA', NULL, NULL, NULL, NULL, NULL, NULL, NULL, NULL, NULL, 'SANDRA.MARTIN@sakilacustomer.org', NULL, NULL, NULL, NULL, '', '', ''),
(17, 'THOMPSON', 'DONNA', NULL, NULL, NULL, NULL, NULL, NULL, NULL, NULL, NULL, 'DONNA.THOMPSON@sakilacustomer.org', NULL, NULL, NULL, NULL, '', '', ''),
(18, 'GARCIA', 'CAROL', NULL, NULL, NULL, NULL, NULL, NULL, NULL, NULL, NULL, 'CAROL.GARCIA@sakilacustomer.org', NULL, NULL, NULL, NULL, '', '', ''),
(19, 'MARTINEZ', 'RUTH', NULL, NULL, NULL, NULL, NULL, NULL, NULL, NULL, NULL, 'RUTH.MARTINEZ@sakilacustomer.org', NULL, NULL, NULL, NULL, '', '', ''),
(20, 'ROBINSON', 'SHARON', NULL, NULL, NULL, NULL, NULL, NULL, NULL, NULL, NULL, 'SHARON.ROBINSON@sakilacustomer.org', NULL, NULL, NULL, NULL, '', '', ''),
(21, 'CLARK', 'MICHELLE', NULL, NULL, NULL, NULL, NULL, NULL, NULL, NULL, NULL, 'MICHELLE.CLARK@sakilacustomer.org', NULL, NULL, NULL, NULL, '', '', ''),
(22, 'RODRIGUEZ', 'LAURA', NULL, NULL, NULL, NULL, NULL, NULL, NULL, NULL, NULL, 'LAURA.RODRIGUEZ@sakilacustomer.org', NULL, NULL, NULL, NULL, '', '', ''),
(23, 'LEWIS', 'SARAH', NULL, NULL, NULL, NULL, NULL, NULL, NULL, NULL, NULL, 'SARAH.LEWIS@sakilacustomer.org', NULL, NULL, NULL, NULL, '', '', ''),
(24, 'LEE', 'KIMBERLY', NULL, NULL, NULL, NULL, NULL, NULL, NULL, NULL, NULL, 'KIMBERLY.LEE@sakilacustomer.org', NULL, NULL, NULL, NULL, '', '', ''),
(25, 'WALKER', 'DEBORAH', NULL, NULL, NULL, NULL, NULL, NULL, NULL, NULL, NULL, 'DEBORAH.WALKER@sakilacustomer.org', NULL, NULL, NULL, NULL, '', '', ''),
(26, 'HALL', 'JESSICA', NULL, NULL, NULL, NULL, NULL, NULL, NULL, NULL, NULL, 'JESSICA.HALL@sakilacustomer.org', NULL, NULL, NULL, NULL, '', '', ''),
(27, 'ALLEN', 'SHIRLEY', NULL, NULL, NULL, NULL, NULL, NULL, NULL, NULL, NULL, 'SHIRLEY.ALLEN@sakilacustomer.org', NULL, NULL, NULL, NULL, '', '', ''),
(28, 'YOUNG', 'CYNTHIA', NULL, NULL, NULL, NULL, NULL, NULL, NULL, NULL, NULL, 'CYNTHIA.YOUNG@sakilacustomer.org', NULL, NULL, NULL, NULL, '', '', ''),
(29, 'HERNANDEZ', 'ANGELA', NULL, NULL, NULL, NULL, NULL, NULL, NULL, NULL, NULL, 'ANGELA.HERNANDEZ@sakilacustomer.org', NULL, NULL, NULL, NULL, '', '', ''),
(30, 'KING', 'MELISSA', NULL, NULL, NULL, NULL, NULL, NULL, NULL, NULL, NULL, 'MELISSA.KING@sakilacustomer.org', NULL, NULL, NULL, NULL, '', '', ''),
(31, 'WRIGHT', 'BRENDA', NULL, NULL, NULL, NULL, NULL, NULL, NULL, NULL, NULL, 'BRENDA.WRIGHT@sakilacustomer.org', NULL, NULL, NULL, NULL, '', '', ''),
(32, 'LOPEZ', 'AMY', NULL, NULL, NULL, NULL, NULL, NULL, NULL, NULL, NULL, 'AMY.LOPEZ@sakilacustomer.org', NULL, NULL, NULL, NULL, '', '', ''),
(33, 'HILL', 'ANNA', NULL, NULL, NULL, NULL, NULL, NULL, NULL, NULL, NULL, 'ANNA.HILL@sakilacustomer.org', NULL, NULL, NULL, NULL, '', '', ''),
(34, 'SCOTT', 'REBECCA', NULL, NULL, NULL, NULL, NULL, NULL, NULL, NULL, NULL, 'REBECCA.SCOTT@sakilacustomer.org', NULL, NULL, NULL, NULL, '', '', ''),
(35, 'GREEN', 'VIRGINIA', NULL, NULL, NULL, NULL, NULL, NULL, NULL, NULL, NULL, 'VIRGINIA.GREEN@sakilacustomer.org', NULL, NULL, NULL, NULL, '', '', ''),
(36, 'ADAMS', 'KATHLEEN', NULL, NULL, NULL, NULL, NULL, NULL, NULL, NULL, NULL, 'KATHLEEN.ADAMS@sakilacustomer.org', NULL, NULL, NULL, NULL, '', '', ''),
(37, 'BAKER', 'PAMELA', NULL, NULL, NULL, NULL, NULL, NULL, NULL, NULL, NULL, 'PAMELA.BAKER@sakilacustomer.org', NULL, NULL, NULL, NULL, '', '', ''),
(38, 'GONZALEZ', 'MARTHA', NULL, NULL, NULL, NULL, NULL, NULL, NULL, NULL, NULL, 'MARTHA.GONZALEZ@sakilacustomer.org', NULL, NULL, NULL, NULL, '', '', ''),
(39, 'NELSON', 'DEBRA', NULL, NULL, NULL, NULL, NULL, NULL, NULL, NULL, NULL, 'DEBRA.NELSON@sakilacustomer.org', NULL, NULL, NULL, NULL, '', '', ''),
(40, 'CARTER', 'AMANDA', NULL, NULL, NULL, NULL, NULL, NULL, NULL, NULL, NULL, 'AMANDA.CARTER@sakilacustomer.org', NULL, NULL, NULL, NULL, '', '', ''),
(41, 'MITCHELL', 'STEPHANIE', NULL, NULL, NULL, NULL, NULL, NULL, NULL, NULL, NULL, 'STEPHANIE.MITCHELL@sakilacustomer.org', NULL, NULL, NULL, NULL, '', '', ''),
(42, 'PEREZ', 'CAROLYN', NULL, NULL, NULL, NULL, NULL, NULL, NULL, NULL, NULL, 'CAROLYN.PEREZ@sakilacustomer.org', NULL, NULL, NULL, NULL, '', '', ''),
(43, 'ROBERTS', 'CHRISTINE', NULL, NULL, NULL, NULL, NULL, NULL, NULL, NULL, NULL, 'CHRISTINE.ROBERTS@sakilacustomer.org', NULL, NULL, NULL, NULL, '', '', ''),
(44, 'TURNER', 'MARIE', NULL, NULL, NULL, NULL, NULL, NULL, NULL, NULL, NULL, 'MARIE.TURNER@sakilacustomer.org', NULL, NULL, NULL, NULL, '', '', ''),
(45, 'PHILLIPS', 'JANET', NULL, NULL, NULL, NULL, NULL, NULL, NULL, NULL, NULL, 'JANET.PHILLIPS@sakilacustomer.org', NULL, NULL, NULL, NULL, '', '', ''),
(46, 'CAMPBELL', 'CATHERINE', NULL, NULL, NULL, NULL, NULL, NULL, NULL, NULL, NULL, 'CATHERINE.CAMPBELL@sakilacustomer.org', NULL, NULL, NULL, NULL, '', '', ''),
(47, 'PARKER', 'FRANCES', NULL, NULL, NULL, NULL, NULL, NULL, NULL, NULL, NULL, 'FRANCES.PARKER@sakilacustomer.org', NULL, NULL, NULL, NULL, '', '', ''),
(48, 'EVANS', 'ANN', NULL, NULL, NULL, NULL, NULL, NULL, NULL, NULL, NULL, 'ANN.EVANS@sakilacustomer.org', NULL, NULL, NULL, NULL, '', '', ''),
(49, 'EDWARDS', 'JOYCE', NULL, NULL, NULL, NULL, NULL, NULL, NULL, NULL, NULL, 'JOYCE.EDWARDS@sakilacustomer.org', NULL, NULL, NULL, NULL, '', '', ''),
(50, 'COLLINS', 'DIANE', NULL, NULL, NULL, NULL, NULL, NULL, NULL, NULL, NULL, 'DIANE.COLLINS@sakilacustomer.org', NULL, NULL, NULL, NULL, '', '', ''),
(51, 'STEWART', 'ALICE', NULL, NULL, NULL, NULL, NULL, NULL, NULL, NULL, NULL, 'ALICE.STEWART@sakilacustomer.org', NULL, NULL, NULL, NULL, '', '', ''),
(52, 'SANCHEZ', 'JULIE', NULL, NULL, NULL, NULL, NULL, NULL, NULL, NULL, NULL, 'JULIE.SANCHEZ@sakilacustomer.org', NULL, NULL, NULL, NULL, '', '', ''),
(53, 'MORRIS', 'HEATHER', NULL, NULL, NULL, NULL, NULL, NULL, NULL, NULL, NULL, 'HEATHER.MORRIS@sakilacustomer.org', NULL, NULL, NULL, NULL, '', '', ''),
(54, 'ROGERS', 'TERESA', NULL, NULL, NULL, NULL, NULL, NULL, NULL, NULL, NULL, 'TERESA.ROGERS@sakilacustomer.org', NULL, NULL, NULL, NULL, '', '', ''),
(55, 'REED', 'DORIS', NULL, NULL, NULL, NULL, NULL, NULL, NULL, NULL, NULL, 'DORIS.REED@sakilacustomer.org', NULL, NULL, NULL, NULL, '', '', ''),
(56, 'COOK', 'GLORIA', NULL, NULL, NULL, NULL, NULL, NULL, NULL, NULL, NULL, 'GLORIA.COOK@sakilacustomer.org', NULL, NULL, NULL, NULL, '', '', ''),
(57, 'MORGAN', 'EVELYN', NULL, NULL, NULL, NULL, NULL, NULL, NULL, NULL, NULL, 'EVELYN.MORGAN@sakilacustomer.org', NULL, NULL, NULL, NULL, '', '', ''),
(58, 'BELL', 'JEAN', NULL, NULL, NULL, NULL, NULL, NULL, NULL, NULL, NULL, 'JEAN.BELL@sakilacustomer.org', NULL, NULL, NULL, NULL, '', '', ''),
(59, 'MURPHY', 'CHERYL', NULL, NULL, NULL, NULL, NULL, NULL, NULL, NULL, NULL, 'CHERYL.MURPHY@sakilacustomer.org', NULL, NULL, NULL, NULL, '', '', ''),
(60, 'BAILEY', 'MILDRED', NULL, NULL, NULL, NULL, NULL, NULL, NULL, NULL, NULL, 'MILDRED.BAILEY@sakilacustomer.org', NULL, NULL, NULL, NULL, '', '', ''),
(61, 'RIVERA', 'KATHERINE', NULL, NULL, NULL, NULL, NULL, NULL, NULL, NULL, NULL, 'KATHERINE.RIVERA@sakilacustomer.org', NULL, NULL, NULL, NULL, '', '', ''),
(62, 'COOPER', 'JOAN', NULL, NULL, NULL, NULL, NULL, NULL, NULL, NULL, NULL, 'JOAN.COOPER@sakilacustomer.org', NULL, NULL, NULL, NULL, '', '', ''),
(63, 'RICHARDSON', 'ASHLEY', NULL, NULL, NULL, NULL, NULL, NULL, NULL, NULL, NULL, 'ASHLEY.RICHARDSON@sakilacustomer.org', NULL, NULL, NULL, NULL, '', '', ''),
(64, 'COX', 'JUDITH', NULL, NULL, NULL, NULL, NULL, NULL, NULL, NULL, NULL, 'JUDITH.COX@sakilacustomer.org', NULL, NULL, NULL, NULL, '', '', ''),
(65, 'HOWARD', 'ROSE', NULL, NULL, NULL, NULL, NULL, NULL, NULL, NULL, NULL, 'ROSE.HOWARD@sakilacustomer.org', NULL, NULL, NULL, NULL, '', '', ''),
(66, 'WARD', 'JANICE', NULL, NULL, NULL, NULL, NULL, NULL, NULL, NULL, NULL, 'JANICE.WARD@sakilacustomer.org', NULL, NULL, NULL, NULL, '', '', ''),
(67, 'TORRES', 'KELLY', NULL, NULL, NULL, NULL, NULL, NULL, NULL, NULL, NULL, 'KELLY.TORRES@sakilacustomer.org', NULL, NULL, NULL, NULL, '', '', ''),
(68, 'PETERSON', 'NICOLE', NULL, NULL, NULL, NULL, NULL, NULL, NULL, NULL, NULL, 'NICOLE.PETERSON@sakilacustomer.org', NULL, NULL, NULL, NULL, '', '', ''),
(69, 'GRAY', 'JUDY', NULL, NULL, NULL, NULL, NULL, NULL, NULL, NULL, NULL, 'JUDY.GRAY@sakilacustomer.org', NULL, NULL, NULL, NULL, '', '', ''),
(70, 'RAMIREZ', 'CHRISTINA', NULL, NULL, NULL, NULL, NULL, NULL, NULL, NULL, NULL, 'CHRISTINA.RAMIREZ@sakilacustomer.org', NULL, NULL, NULL, NULL, '', '', ''),
(71, 'JAMES', 'KATHY', NULL, NULL, NULL, NULL, NULL, NULL, NULL, NULL, NULL, 'KATHY.JAMES@sakilacustomer.org', NULL, NULL, NULL, NULL, '', '', ''),
(72, 'WATSON', 'THERESA', NULL, NULL, NULL, NULL, NULL, NULL, NULL, NULL, NULL, 'THERESA.WATSON@sakilacustomer.org', NULL, NULL, NULL, NULL, '', '', ''),
(73, 'BROOKS', 'BEVERLY', NULL, NULL, NULL, NULL, NULL, NULL, NULL, NULL, NULL, 'BEVERLY.BROOKS@sakilacustomer.org', NULL, NULL, NULL, NULL, '', '', ''),
(74, 'KELLY', 'DENISE', NULL, NULL, NULL, NULL, NULL, NULL, NULL, NULL, NULL, 'DENISE.KELLY@sakilacustomer.org', NULL, NULL, NULL, NULL, '', '', ''),
(75, 'SANDERS', 'TAMMY', NULL, NULL, NULL, NULL, NULL, NULL, NULL, NULL, NULL, 'TAMMY.SANDERS@sakilacustomer.org', NULL, NULL, NULL, NULL, '', '', ''),
(76, 'PRICE', 'IRENE', NULL, NULL, NULL, NULL, NULL, NULL, NULL, NULL, NULL, 'IRENE.PRICE@sakilacustomer.org', NULL, NULL, NULL, NULL, '', '', ''),
(77, 'BENNETT', 'JANE', NULL, NULL, NULL, NULL, NULL, NULL, NULL, NULL, NULL, 'JANE.BENNETT@sakilacustomer.org', NULL, NULL, NULL, NULL, '', '', ''),
(78, 'WOOD', 'LORI', NULL, NULL, NULL, NULL, NULL, NULL, NULL, NULL, NULL, 'LORI.WOOD@sakilacustomer.org', NULL, NULL, NULL, NULL, '', '', ''),
(79, 'BARNES', 'RACHEL', NULL, NULL, NULL, NULL, NULL, NULL, NULL, NULL, NULL, 'RACHEL.BARNES@sakilacustomer.org', NULL, NULL, NULL, NULL, '', '', ''),
(80, 'ROSS', 'MARILYN', NULL, NULL, NULL, NULL, NULL, NULL, NULL, NULL, NULL, 'MARILYN.ROSS@sakilacustomer.org', NULL, NULL, NULL, NULL, '', '', ''),
(81, 'HENDERSON', 'ANDREA', NULL, NULL, NULL, NULL, NULL, NULL, NULL, NULL, NULL, 'ANDREA.HENDERSON@sakilacustomer.org', NULL, NULL, NULL, NULL, '', '', ''),
(82, 'COLEMAN', 'KATHRYN', NULL, NULL, NULL, NULL, NULL, NULL, NULL, NULL, NULL, 'KATHRYN.COLEMAN@sakilacustomer.org', NULL, NULL, NULL, NULL, '', '', ''),
(83, 'JENKINS', 'LOUISE', NULL, NULL, NULL, NULL, NULL, NULL, NULL, NULL, NULL, 'LOUISE.JENKINS@sakilacustomer.org', NULL, NULL, NULL, NULL, '', '', ''),
(84, 'PERRY', 'SARA', NULL, NULL, NULL, NULL, NULL, NULL, NULL, NULL, NULL, 'SARA.PERRY@sakilacustomer.org', NULL, NULL, NULL, NULL, '', '', ''),
(85, 'POWELL', 'ANNE', NULL, NULL, NULL, NULL, NULL, NULL, NULL, NULL, NULL, 'ANNE.POWELL@sakilacustomer.org', NULL, NULL, NULL, NULL, '', '', ''),
(86, 'LONG', 'JACQUELINE', NULL, NULL, NULL, NULL, NULL, NULL, NULL, NULL, NULL, 'JACQUELINE.LONG@sakilacustomer.org', NULL, NULL, NULL, NULL, '', '', ''),
(87, 'PATTERSON', 'WANDA', NULL, NULL, NULL, NULL, NULL, NULL, NULL, NULL, NULL, 'WANDA.PATTERSON@sakilacustomer.org', NULL, NULL, NULL, NULL, '', '', ''),
(88, 'HUGHES', 'BONNIE', NULL, NULL, NULL, NULL, NULL, NULL, NULL, NULL, NULL, 'BONNIE.HUGHES@sakilacustomer.org', NULL, NULL, NULL, NULL, '', '', ''),
(89, 'FLORES', 'JULIA', NULL, NULL, NULL, NULL, NULL, NULL, NULL, NULL, NULL, 'JULIA.FLORES@sakilacustomer.org', NULL, NULL, NULL, NULL, '', '', ''),
(90, 'WASHINGTON', 'RUBY', NULL, NULL, NULL, NULL, NULL, NULL, NULL, NULL, NULL, 'RUBY.WASHINGTON@sakilacustomer.org', NULL, NULL, NULL, NULL, '', '', ''),
(91, 'BUTLER', 'LOIS', NULL, NULL, NULL, NULL, NULL, NULL, NULL, NULL, NULL, 'LOIS.BUTLER@sakilacustomer.org', NULL, NULL, NULL, NULL, '', '', ''),
(92, 'SIMMONS', 'TINA', NULL, NULL, NULL, NULL, NULL, NULL, NULL, NULL, NULL, 'TINA.SIMMONS@sakilacustomer.org', NULL, NULL, NULL, NULL, '', '', ''),
(93, 'FOSTER', 'PHYLLIS', NULL, NULL, NULL, NULL, NULL, NULL, NULL, NULL, NULL, 'PHYLLIS.FOSTER@sakilacustomer.org', NULL, NULL, NULL, NULL, '', '', ''),
(94, 'GONZALES', 'NORMA', NULL, NULL, NULL, NULL, NULL, NULL, NULL, NULL, NULL, 'NORMA.GONZALES@sakilacustomer.org', NULL, NULL, NULL, NULL, '', '', ''),
(95, 'BRYANT', 'PAULA', NULL, NULL, NULL, NULL, NULL, NULL, NULL, NULL, NULL, 'PAULA.BRYANT@sakilacustomer.org', NULL, NULL, NULL, NULL, '', '', ''),
(96, 'ALEXANDER', 'DIANA', NULL, NULL, NULL, NULL, NULL, NULL, NULL, NULL, NULL, 'DIANA.ALEXANDER@sakilacustomer.org', NULL, NULL, NULL, NULL, '', '', ''),
(97, 'RUSSELL', 'ANNIE', NULL, NULL, NULL, NULL, NULL, NULL, NULL, NULL, NULL, 'ANNIE.RUSSELL@sakilacustomer.org', NULL, NULL, NULL, NULL, '', '', ''),
(98, 'GRIFFIN', 'LILLIAN', NULL, NULL, NULL, NULL, NULL, NULL, NULL, NULL, NULL, 'LILLIAN.GRIFFIN@sakilacustomer.org', NULL, NULL, NULL, NULL, '', '', ''),
(99, 'DIAZ', 'EMILY', NULL, NULL, NULL, NULL, NULL, NULL, NULL, NULL, NULL, 'EMILY.DIAZ@sakilacustomer.org', NULL, NULL, NULL, NULL, '', '', ''),
(100, 'HAYES', 'ROBIN', NULL, NULL, NULL, NULL, NULL, NULL, NULL, NULL, NULL, 'ROBIN.HAYES@sakilacustomer.org', NULL, NULL, NULL, NULL, '', '', ''),
(101, 'MYERS', 'PEGGY', NULL, NULL, NULL, NULL, NULL, NULL, NULL, NULL, NULL, 'PEGGY.MYERS@sakilacustomer.org', NULL, NULL, NULL, NULL, '', '', ''),
(102, 'FORD', 'CRYSTAL', NULL, NULL, NULL, NULL, NULL, NULL, NULL, NULL, NULL, 'CRYSTAL.FORD@sakilacustomer.org', NULL, NULL, NULL, NULL, '', '', ''),
(103, 'HAMILTON', 'GLADYS', NULL, NULL, NULL, NULL, NULL, NULL, NULL, NULL, NULL, 'GLADYS.HAMILTON@sakilacustomer.org', NULL, NULL, NULL, NULL, '', '', ''),
(104, 'GRAHAM', 'RITA', NULL, NULL, NULL, NULL, NULL, NULL, NULL, NULL, NULL, 'RITA.GRAHAM@sakilacustomer.org', NULL, NULL, NULL, NULL, '', '', ''),
(105, 'SULLIVAN', 'DAWN', NULL, NULL, NULL, NULL, NULL, NULL, NULL, NULL, NULL, 'DAWN.SULLIVAN@sakilacustomer.org', NULL, NULL, NULL, NULL, '', '', ''),
(106, 'WALLACE', 'CONNIE', NULL, NULL, NULL, NULL, NULL, NULL, NULL, NULL, NULL, 'CONNIE.WALLACE@sakilacustomer.org', NULL, NULL, NULL, NULL, '', '', ''),
(107, 'WOODS', 'FLORENCE', NULL, NULL, NULL, NULL, NULL, NULL, NULL, NULL, NULL, 'FLORENCE.WOODS@sakilacustomer.org', NULL, NULL, NULL, NULL, '', '', ''),
(108, 'COLE', 'TRACY', NULL, NULL, NULL, NULL, NULL, NULL, NULL, NULL, NULL, 'TRACY.COLE@sakilacustomer.org', NULL, NULL, NULL, NULL, '', '', ''),
(109, 'WEST', 'EDNA', NULL, NULL, NULL, NULL, NULL, NULL, NULL, NULL, NULL, 'EDNA.WEST@sakilacustomer.org', NULL, NULL, NULL, NULL, '', '', ''),
(110, 'JORDAN', 'TIFFANY', NULL, NULL, NULL, NULL, NULL, NULL, NULL, NULL, NULL, 'TIFFANY.JORDAN@sakilacustomer.org', NULL, NULL, NULL, NULL, '', '', ''),
(111, 'OWENS', 'CARMEN', NULL, NULL, NULL, NULL, NULL, NULL, NULL, NULL, NULL, 'CARMEN.OWENS@sakilacustomer.org', NULL, NULL, NULL, NULL, '', '', ''),
(112, 'REYNOLDS', 'ROSA', NULL, NULL, NULL, NULL, NULL, NULL, NULL, NULL, NULL, 'ROSA.REYNOLDS@sakilacustomer.org', NULL, NULL, NULL, NULL, '', '', ''),
(113, 'FISHER', 'CINDY', NULL, NULL, NULL, NULL, NULL, NULL, NULL, NULL, NULL, 'CINDY.FISHER@sakilacustomer.org', NULL, NULL, NULL, NULL, '', '', ''),
(114, 'ELLIS', 'GRACE', NULL, NULL, NULL, NULL, NULL, NULL, NULL, NULL, NULL, 'GRACE.ELLIS@sakilacustomer.org', NULL, NULL, NULL, NULL, '', '', ''),
(115, 'HARRISON', 'WENDY', NULL, NULL, NULL, NULL, NULL, NULL, NULL, NULL, NULL, 'WENDY.HARRISON@sakilacustomer.org', NULL, NULL, NULL, NULL, '', '', ''),
(116, 'GIBSON', 'VICTORIA', NULL, NULL, NULL, NULL, NULL, NULL, NULL, NULL, NULL, 'VICTORIA.GIBSON@sakilacustomer.org', NULL, NULL, NULL, NULL, '', '', ''),
(117, 'MCDONALD', 'EDITH', NULL, NULL, NULL, NULL, NULL, NULL, NULL, NULL, NULL, 'EDITH.MCDONALD@sakilacustomer.org', NULL, NULL, NULL, NULL, '', '', ''),
(118, 'CRUZ', 'KIM', NULL, NULL, NULL, NULL, NULL, NULL, NULL, NULL, NULL, 'KIM.CRUZ@sakilacustomer.org', NULL, NULL, NULL, NULL, '', '', ''),
(119, 'MARSHALL', 'SHERRY', NULL, NULL, NULL, NULL, NULL, NULL, NULL, NULL, NULL, 'SHERRY.MARSHALL@sakilacustomer.org', NULL, NULL, NULL, NULL, '', '', ''),
(120, 'ORTIZ', 'SYLVIA', NULL, NULL, NULL, NULL, NULL, NULL, NULL, NULL, NULL, 'SYLVIA.ORTIZ@sakilacustomer.org', NULL, NULL, NULL, NULL, '', '', ''),
(121, 'GOMEZ', 'JOSEPHINE', NULL, NULL, NULL, NULL, NULL, NULL, NULL, NULL, NULL, 'JOSEPHINE.GOMEZ@sakilacustomer.org', NULL, NULL, NULL, NULL, '', '', ''),
(122, 'MURRAY', 'THELMA', NULL, NULL, NULL, NULL, NULL, NULL, NULL, NULL, NULL, 'THELMA.MURRAY@sakilacustomer.org', NULL, NULL, NULL, NULL, '', '', ''),
(123, 'FREEMAN', 'SHANNON', NULL, NULL, NULL, NULL, NULL, NULL, NULL, NULL, NULL, 'SHANNON.FREEMAN@sakilacustomer.org', NULL, NULL, NULL, NULL, '', '', ''),
(124, 'WELLS', 'SHEILA', NULL, NULL, NULL, NULL, NULL, NULL, NULL, NULL, NULL, 'SHEILA.WELLS@sakilacustomer.org', NULL, NULL, NULL, NULL, '', '', ''),
(125, 'WEBB', 'ETHEL', NULL, NULL, NULL, NULL, NULL, NULL, NULL, NULL, NULL, 'ETHEL.WEBB@sakilacustomer.org', NULL, NULL, NULL, NULL, '', '', ''),
(126, 'SIMPSON', 'ELLEN', NULL, NULL, NULL, NULL, NULL, NULL, NULL, NULL, NULL, 'ELLEN.SIMPSON@sakilacustomer.org', NULL, NULL, NULL, NULL, '', '', ''),
(127, 'STEVENS', 'ELAINE', NULL, NULL, NULL, NULL, NULL, NULL, NULL, NULL, NULL, 'ELAINE.STEVENS@sakilacustomer.org', NULL, NULL, NULL, NULL, '', '', ''),
(128, 'TUCKER', 'MARJORIE', NULL, NULL, NULL, NULL, NULL, NULL, NULL, NULL, NULL, 'MARJORIE.TUCKER@sakilacustomer.org', NULL, NULL, NULL, NULL, '', '', ''),
(129, 'PORTER', 'CARRIE', NULL, NULL, NULL, NULL, NULL, NULL, NULL, NULL, NULL, 'CARRIE.PORTER@sakilacustomer.org', NULL, NULL, NULL, NULL, '', '', ''),
(130, 'HUNTER', 'CHARLOTTE', NULL, NULL, NULL, NULL, NULL, NULL, NULL, NULL, NULL, 'CHARLOTTE.HUNTER@sakilacustomer.org', NULL, NULL, NULL, NULL, '', '', ''),
(131, 'HICKS', 'MONICA', NULL, NULL, NULL, NULL, NULL, NULL, NULL, NULL, NULL, 'MONICA.HICKS@sakilacustomer.org', NULL, NULL, NULL, NULL, '', '', ''),
(132, 'CRAWFORD', 'ESTHER', NULL, NULL, NULL, NULL, NULL, NULL, NULL, NULL, NULL, 'ESTHER.CRAWFORD@sakilacustomer.org', NULL, NULL, NULL, NULL, '', '', ''),
(133, 'HENRY', 'PAULINE', NULL, NULL, NULL, NULL, NULL, NULL, NULL, NULL, NULL, 'PAULINE.HENRY@sakilacustomer.org', NULL, NULL, NULL, NULL, '', '', ''),
(134, 'BOYD', 'EMMA', NULL, NULL, NULL, NULL, NULL, NULL, NULL, NULL, NULL, 'EMMA.BOYD@sakilacustomer.org', NULL, NULL, NULL, NULL, '', '', ''),
(135, 'MASON', 'JUANITA', NULL, NULL, NULL, NULL, NULL, NULL, NULL, NULL, NULL, 'JUANITA.MASON@sakilacustomer.org', NULL, NULL, NULL, NULL, '', '', ''),
(136, 'MORALES', 'ANITA', NULL, NULL, NULL, NULL, NULL, NULL, NULL, NULL, NULL, 'ANITA.MORALES@sakilacustomer.org', NULL, NULL, NULL, NULL, '', '', ''),
(137, 'KENNEDY', 'RHONDA', NULL, NULL, NULL, NULL, NULL, NULL, NULL, NULL, NULL, 'RHONDA.KENNEDY@sakilacustomer.org', NULL, NULL, NULL, NULL, '', '', ''),
(138, 'WARREN', 'HAZEL', NULL, NULL, NULL, NULL, NULL, NULL, NULL, NULL, NULL, 'HAZEL.WARREN@sakilacustomer.org', NULL, NULL, NULL, NULL, '', '', ''),
(139, 'DIXON', 'AMBER', NULL, NULL, NULL, NULL, NULL, NULL, NULL, NULL, NULL, 'AMBER.DIXON@sakilacustomer.org', NULL, NULL, NULL, NULL, '', '', ''),
(140, 'RAMOS', 'EVA', NULL, NULL, NULL, NULL, NULL, NULL, NULL, NULL, NULL, 'EVA.RAMOS@sakilacustomer.org', NULL, NULL, NULL, NULL, '', '', ''),
(141, 'REYES', 'DEBBIE', NULL, NULL, NULL, NULL, NULL, NULL, NULL, NULL, NULL, 'DEBBIE.REYES@sakilacustomer.org', NULL, NULL, NULL, NULL, '', '', ''),
(142, 'BURNS', 'APRIL', NULL, NULL, NULL, NULL, NULL, NULL, NULL, NULL, NULL, 'APRIL.BURNS@sakilacustomer.org', NULL, NULL, NULL, NULL, '', '', ''),
(143, 'GORDON', 'LESLIE', NULL, NULL, NULL, NULL, NULL, NULL, NULL, NULL, NULL, 'LESLIE.GORDON@sakilacustomer.org', NULL, NULL, NULL, NULL, '', '', ''),
(144, 'SHAW', 'CLARA', NULL, NULL, NULL, NULL, NULL, NULL, NULL, NULL, NULL, 'CLARA.SHAW@sakilacustomer.org', NULL, NULL, NULL, NULL, '', '', ''),
(145, 'HOLMES', 'LUCILLE', NULL, NULL, NULL, NULL, NULL, NULL, NULL, NULL, NULL, 'LUCILLE.HOLMES@sakilacustomer.org', NULL, NULL, NULL, NULL, '', '', ''),
(146, 'RICE', 'JAMIE', NULL, NULL, NULL, NULL, NULL, NULL, NULL, NULL, NULL, 'JAMIE.RICE@sakilacustomer.org', NULL, NULL, NULL, NULL, '', '', ''),
(147, 'ROBERTSON', 'JOANNE', NULL, NULL, NULL, NULL, NULL, NULL, NULL, NULL, NULL, 'JOANNE.ROBERTSON@sakilacustomer.org', NULL, NULL, NULL, NULL, '', '', ''),
(148, 'HUNT', 'ELEANOR', NULL, NULL, NULL, NULL, NULL, NULL, NULL, NULL, NULL, 'ELEANOR.HUNT@sakilacustomer.org', NULL, NULL, NULL, NULL, '', '', ''),
(149, 'BLACK', 'VALERIE', NULL, NULL, NULL, NULL, NULL, NULL, NULL, NULL, NULL, 'VALERIE.BLACK@sakilacustomer.org', NULL, NULL, NULL, NULL, '', '', ''),
(150, 'DANIELS', 'DANIELLE', NULL, NULL, NULL, NULL, NULL, NULL, NULL, NULL, NULL, 'DANIELLE.DANIELS@sakilacustomer.org', NULL, NULL, NULL, NULL, '', '', ''),
(151, 'PALMER', 'MEGAN', NULL, NULL, NULL, NULL, NULL, NULL, NULL, NULL, NULL, 'MEGAN.PALMER@sakilacustomer.org', NULL, NULL, NULL, NULL, '', '', ''),
(152, 'MILLS', 'ALICIA', NULL, NULL, NULL, NULL, NULL, NULL, NULL, NULL, NULL, 'ALICIA.MILLS@sakilacustomer.org', NULL, NULL, NULL, NULL, '', '', ''),
(153, 'NICHOLS', 'SUZANNE', NULL, NULL, NULL, NULL, NULL, NULL, NULL, NULL, NULL, 'SUZANNE.NICHOLS@sakilacustomer.org', NULL, NULL, NULL, NULL, '', '', ''),
(154, 'GRANT', 'MICHELE', NULL, NULL, NULL, NULL, NULL, NULL, NULL, NULL, NULL, 'MICHELE.GRANT@sakilacustomer.org', NULL, NULL, NULL, NULL, '', '', ''),
(155, 'KNIGHT', 'GAIL', NULL, NULL, NULL, NULL, NULL, NULL, NULL, NULL, NULL, 'GAIL.KNIGHT@sakilacustomer.org', NULL, NULL, NULL, NULL, '', '', ''),
(156, 'FERGUSON', 'BERTHA', NULL, NULL, NULL, NULL, NULL, NULL, NULL, NULL, NULL, 'BERTHA.FERGUSON@sakilacustomer.org', NULL, NULL, NULL, NULL, '', '', ''),
(157, 'ROSE', 'DARLENE', NULL, NULL, NULL, NULL, NULL, NULL, NULL, NULL, NULL, 'DARLENE.ROSE@sakilacustomer.org', NULL, NULL, NULL, NULL, '', '', ''),
(158, 'STONE', 'VERONICA', NULL, NULL, NULL, NULL, NULL, NULL, NULL, NULL, NULL, 'VERONICA.STONE@sakilacustomer.org', NULL, NULL, NULL, NULL, '', '', ''),
(159, 'HAWKINS', 'JILL', NULL, NULL, NULL, NULL, NULL, NULL, NULL, NULL, NULL, 'JILL.HAWKINS@sakilacustomer.org', NULL, NULL, NULL, NULL, '', '', ''),
(160, 'DUNN', 'ERIN', NULL, NULL, NULL, NULL, NULL, NULL, NULL, NULL, NULL, 'ERIN.DUNN@sakilacustomer.org', NULL, NULL, NULL, NULL, '', '', ''),
(161, 'PERKINS', 'GERALDINE', NULL, NULL, NULL, NULL, NULL, NULL, NULL, NULL, NULL, 'GERALDINE.PERKINS@sakilacustomer.org', NULL, NULL, NULL, NULL, '', '', ''),
(162, 'HUDSON', 'LAUREN', NULL, NULL, NULL, NULL, NULL, NULL, NULL, NULL, NULL, 'LAUREN.HUDSON@sakilacustomer.org', NULL, NULL, NULL, NULL, '', '', ''),
(163, 'SPENCER', 'CATHY', NULL, NULL, NULL, NULL, NULL, NULL, NULL, NULL, NULL, 'CATHY.SPENCER@sakilacustomer.org', NULL, NULL, NULL, NULL, '', '', ''),
(164, 'GARDNER', 'JOANN', NULL, NULL, NULL, NULL, NULL, NULL, NULL, NULL, NULL, 'JOANN.GARDNER@sakilacustomer.org', NULL, NULL, NULL, NULL, '', '', ''),
(165, 'STEPHENS', 'LORRAINE', NULL, NULL, NULL, NULL, NULL, NULL, NULL, NULL, NULL, 'LORRAINE.STEPHENS@sakilacustomer.org', NULL, NULL, NULL, NULL, '', '', ''),
(166, 'PAYNE', 'LYNN', NULL, NULL, NULL, NULL, NULL, NULL, NULL, NULL, NULL, 'LYNN.PAYNE@sakilacustomer.org', NULL, NULL, NULL, NULL, '', '', ''),
(167, 'PIERCE', 'SALLY', NULL, NULL, NULL, NULL, NULL, NULL, NULL, NULL, NULL, 'SALLY.PIERCE@sakilacustomer.org', NULL, NULL, NULL, NULL, '', '', ''),
(168, 'BERRY', 'REGINA', NULL, NULL, NULL, NULL, NULL, NULL, NULL, NULL, NULL, 'REGINA.BERRY@sakilacustomer.org', NULL, NULL, NULL, NULL, '', '', ''),
(169, 'MATTHEWS', 'ERICA', NULL, NULL, NULL, NULL, NULL, NULL, NULL, NULL, NULL, 'ERICA.MATTHEWS@sakilacustomer.org', NULL, NULL, NULL, NULL, '', '', ''),
(170, 'ARNOLD', 'BEATRICE', NULL, NULL, NULL, NULL, NULL, NULL, NULL, NULL, NULL, 'BEATRICE.ARNOLD@sakilacustomer.org', NULL, NULL, NULL, NULL, '', '', ''),
(171, 'WAGNER', 'DOLORES', NULL, NULL, NULL, NULL, NULL, NULL, NULL, NULL, NULL, 'DOLORES.WAGNER@sakilacustomer.org', NULL, NULL, NULL, NULL, '', '', ''),
(172, 'WILLIS', 'BERNICE', NULL, NULL, NULL, NULL, NULL, NULL, NULL, NULL, NULL, 'BERNICE.WILLIS@sakilacustomer.org', NULL, NULL, NULL, NULL, '', '', ''),
(173, 'RAY', 'AUDREY', NULL, NULL, NULL, NULL, NULL, NULL, NULL, NULL, NULL, 'AUDREY.RAY@sakilacustomer.org', NULL, NULL, NULL, NULL, '', '', ''),
(174, 'WATKINS', 'YVONNE', NULL, NULL, NULL, NULL, NULL, NULL, NULL, NULL, NULL, 'YVONNE.WATKINS@sakilacustomer.org', NULL, NULL, NULL, NULL, '', '', ''),
(175, 'OLSON', 'ANNETTE', NULL, NULL, NULL, NULL, NULL, NULL, NULL, NULL, NULL, 'ANNETTE.OLSON@sakilacustomer.org', NULL, NULL, NULL, NULL, '', '', ''),
(176, 'CARROLL', 'JUNE', NULL, NULL, NULL, NULL, NULL, NULL, NULL, NULL, NULL, 'JUNE.CARROLL@sakilacustomer.org', NULL, NULL, NULL, NULL, '', '', ''),
(177, 'DUNCAN', 'SAMANTHA', NULL, NULL, NULL, NULL, NULL, NULL, NULL, NULL, NULL, 'SAMANTHA.DUNCAN@sakilacustomer.org', NULL, NULL, NULL, NULL, '', '', ''),
(178, 'SNYDER', 'MARION', NULL, NULL, NULL, NULL, NULL, NULL, NULL, NULL, NULL, 'MARION.SNYDER@sakilacustomer.org', NULL, NULL, NULL, NULL, '', '', ''),
(179, 'HART', 'DANA', NULL, NULL, NULL, NULL, NULL, NULL, NULL, NULL, NULL, 'DANA.HART@sakilacustomer.org', NULL, NULL, NULL, NULL, '', '', ''),
(180, 'CUNNINGHAM', 'STACY', NULL, NULL, NULL, NULL, NULL, NULL, NULL, NULL, NULL, 'STACY.CUNNINGHAM@sakilacustomer.org', NULL, NULL, NULL, NULL, '', '', ''),
(181, 'BRADLEY', 'ANA', NULL, NULL, NULL, NULL, NULL, NULL, NULL, NULL, NULL, 'ANA.BRADLEY@sakilacustomer.org', NULL, NULL, NULL, NULL, '', '', ''),
(182, 'LANE', 'RENEE', NULL, NULL, NULL, NULL, NULL, NULL, NULL, NULL, NULL, 'RENEE.LANE@sakilacustomer.org', NULL, NULL, NULL, NULL, '', '', ''),
(183, 'ANDREWS', 'IDA', NULL, NULL, NULL, NULL, NULL, NULL, NULL, NULL, NULL, 'IDA.ANDREWS@sakilacustomer.org', NULL, NULL, NULL, NULL, '', '', ''),
(184, 'RUIZ', 'VIVIAN', NULL, NULL, NULL, NULL, NULL, NULL, NULL, NULL, NULL, 'VIVIAN.RUIZ@sakilacustomer.org', NULL, NULL, NULL, NULL, '', '', ''),
(185, 'HARPER', 'ROBERTA', NULL, NULL, NULL, NULL, NULL, NULL, NULL, NULL, NULL, 'ROBERTA.HARPER@sakilacustomer.org', NULL, NULL, NULL, NULL, '', '', ''),
(186, 'FOX', 'HOLLY', NULL, NULL, NULL, NULL, NULL, NULL, NULL, NULL, NULL, 'HOLLY.FOX@sakilacustomer.org', NULL, NULL, NULL, NULL, '', '', ''),
(187, 'RILEY', 'BRITTANY', NULL, NULL, NULL, NULL, NULL, NULL, NULL, NULL, NULL, 'BRITTANY.RILEY@sakilacustomer.org', NULL, NULL, NULL, NULL, '', '', ''),
(188, 'ARMSTRONG', 'MELANIE', NULL, NULL, NULL, NULL, NULL, NULL, NULL, NULL, NULL, 'MELANIE.ARMSTRONG@sakilacustomer.org', NULL, NULL, NULL, NULL, '', '', ''),
(189, 'CARPENTER', 'LORETTA', NULL, NULL, NULL, NULL, NULL, NULL, NULL, NULL, NULL, 'LORETTA.CARPENTER@sakilacustomer.org', NULL, NULL, NULL, NULL, '', '', ''),
(190, 'WEAVER', 'YOLANDA', NULL, NULL, NULL, NULL, NULL, NULL, NULL, NULL, NULL, 'YOLANDA.WEAVER@sakilacustomer.org', NULL, NULL, NULL, NULL, '', '', ''),
(191, 'GREENE', 'JEANETTE', NULL, NULL, NULL, NULL, NULL, NULL, NULL, NULL, NULL, 'JEANETTE.GREENE@sakilacustomer.org', NULL, NULL, NULL, NULL, '', '', ''),
(192, 'LAWRENCE', 'LAURIE', NULL, NULL, NULL, NULL, NULL, NULL, NULL, NULL, NULL, 'LAURIE.LAWRENCE@sakilacustomer.org', NULL, NULL, NULL, NULL, '', '', ''),
(193, 'ELLIOTT', 'KATIE', NULL, NULL, NULL, NULL, NULL, NULL, NULL, NULL, NULL, 'KATIE.ELLIOTT@sakilacustomer.org', NULL, NULL, NULL, NULL, '', '', ''),
(194, 'CHAVEZ', 'KRISTEN', NULL, NULL, NULL, NULL, NULL, NULL, NULL, NULL, NULL, 'KRISTEN.CHAVEZ@sakilacustomer.org', NULL, NULL, NULL, NULL, '', '', ''),
(195, 'SIMS', 'VANESSA', NULL, NULL, NULL, NULL, NULL, NULL, NULL, NULL, NULL, 'VANESSA.SIMS@sakilacustomer.org', NULL, NULL, NULL, NULL, '', '', ''),
(196, 'AUSTIN', 'ALMA', NULL, NULL, NULL, NULL, NULL, NULL, NULL, NULL, NULL, 'ALMA.AUSTIN@sakilacustomer.org', NULL, NULL, NULL, NULL, '', '', ''),
(197, 'PETERS', 'SUE', NULL, NULL, NULL, NULL, NULL, NULL, NULL, NULL, NULL, 'SUE.PETERS@sakilacustomer.org', NULL, NULL, NULL, NULL, '', '', ''),
(198, 'KELLEY', 'ELSIE', NULL, NULL, NULL, NULL, NULL, NULL, NULL, NULL, NULL, 'ELSIE.KELLEY@sakilacustomer.org', NULL, NULL, NULL, NULL, '', '', ''),
(199, 'FRANKLIN', 'BETH', NULL, NULL, NULL, NULL, NULL, NULL, NULL, NULL, NULL, 'BETH.FRANKLIN@sakilacustomer.org', NULL, NULL, NULL, NULL, '', '', ''),
(200, 'LAWSON', 'JEANNE', NULL, NULL, NULL, NULL, NULL, NULL, NULL, NULL, NULL, 'JEANNE.LAWSON@sakilacustomer.org', NULL, NULL, NULL, NULL, '', '', ''),
(201, 'FIELDS', 'VICKI', NULL, NULL, NULL, NULL, NULL, NULL, NULL, NULL, NULL, 'VICKI.FIELDS@sakilacustomer.org', NULL, NULL, NULL, NULL, '', '', ''),
(202, 'GUTIERREZ', 'CARLA', NULL, NULL, NULL, NULL, NULL, NULL, NULL, NULL, NULL, 'CARLA.GUTIERREZ@sakilacustomer.org', NULL, NULL, NULL, NULL, '', '', ''),
(203, 'RYAN', 'TARA', NULL, NULL, NULL, NULL, NULL, NULL, NULL, NULL, NULL, 'TARA.RYAN@sakilacustomer.org', NULL, NULL, NULL, NULL, '', '', ''),
(204, 'SCHMIDT', 'ROSEMARY', NULL, NULL, NULL, NULL, NULL, NULL, NULL, NULL, NULL, 'ROSEMARY.SCHMIDT@sakilacustomer.org', NULL, NULL, NULL, NULL, '', '', ''),
(205, 'CARR', 'EILEEN', NULL, NULL, NULL, NULL, NULL, NULL, NULL, NULL, NULL, 'EILEEN.CARR@sakilacustomer.org', NULL, NULL, NULL, NULL, '', '', ''),
(206, 'VASQUEZ', 'TERRI', NULL, NULL, NULL, NULL, NULL, NULL, NULL, NULL, NULL, 'TERRI.VASQUEZ@sakilacustomer.org', NULL, NULL, NULL, NULL, '', '', ''),
(207, 'CASTILLO', 'GERTRUDE', NULL, NULL, NULL, NULL, NULL, NULL, NULL, NULL, NULL, 'GERTRUDE.CASTILLO@sakilacustomer.org', NULL, NULL, NULL, NULL, '', '', ''),
(208, 'WHEELER', 'LUCY', NULL, NULL, NULL, NULL, NULL, NULL, NULL, NULL, NULL, 'LUCY.WHEELER@sakilacustomer.org', NULL, NULL, NULL, NULL, '', '', ''),
(209, 'CHAPMAN', 'TONYA', NULL, NULL, NULL, NULL, NULL, NULL, NULL, NULL, NULL, 'TONYA.CHAPMAN@sakilacustomer.org', NULL, NULL, NULL, NULL, '', '', ''),
(210, 'OLIVER', 'ELLA', NULL, NULL, NULL, NULL, NULL, NULL, NULL, NULL, NULL, 'ELLA.OLIVER@sakilacustomer.org', NULL, NULL, NULL, NULL, '', '', ''),
(211, 'MONTGOMERY', 'STACEY', NULL, NULL, NULL, NULL, NULL, NULL, NULL, NULL, NULL, 'STACEY.MONTGOMERY@sakilacustomer.org', NULL, NULL, NULL, NULL, '', '', ''),
(212, 'RICHARDS', 'WILMA', NULL, NULL, NULL, NULL, NULL, NULL, NULL, NULL, NULL, 'WILMA.RICHARDS@sakilacustomer.org', NULL, NULL, NULL, NULL, '', '', ''),
(213, 'WILLIAMSON', 'GINA', NULL, NULL, NULL, NULL, NULL, NULL, NULL, NULL, NULL, 'GINA.WILLIAMSON@sakilacustomer.org', NULL, NULL, NULL, NULL, '', '', ''),
(214, 'JOHNSTON', 'KRISTIN', NULL, NULL, NULL, NULL, NULL, NULL, NULL, NULL, NULL, 'KRISTIN.JOHNSTON@sakilacustomer.org', NULL, NULL, NULL, NULL, '', '', ''),
(215, 'BANKS', 'JESSIE', NULL, NULL, NULL, NULL, NULL, NULL, NULL, NULL, NULL, 'JESSIE.BANKS@sakilacustomer.org', NULL, NULL, NULL, NULL, '', '', ''),
(216, 'MEYER', 'NATALIE', NULL, NULL, NULL, NULL, NULL, NULL, NULL, NULL, NULL, 'NATALIE.MEYER@sakilacustomer.org', NULL, NULL, NULL, NULL, '', '', ''),
(217, 'BISHOP', 'AGNES', NULL, NULL, NULL, NULL, NULL, NULL, NULL, NULL, NULL, 'AGNES.BISHOP@sakilacustomer.org', NULL, NULL, NULL, NULL, '', '', ''),
(218, 'MCCOY', 'VERA', NULL, NULL, NULL, NULL, NULL, NULL, NULL, NULL, NULL, 'VERA.MCCOY@sakilacustomer.org', NULL, NULL, NULL, NULL, '', '', ''),
(219, 'HOWELL', 'WILLIE', NULL, NULL, NULL, NULL, NULL, NULL, NULL, NULL, NULL, 'WILLIE.HOWELL@sakilacustomer.org', NULL, NULL, NULL, NULL, '', '', ''),
(220, 'ALVAREZ', 'CHARLENE', NULL, NULL, NULL, NULL, NULL, NULL, NULL, NULL, NULL, 'CHARLENE.ALVAREZ@sakilacustomer.org', NULL, NULL, NULL, NULL, '', '', ''),
(221, 'MORRISON', 'BESSIE', NULL, NULL, NULL, NULL, NULL, NULL, NULL, NULL, NULL, 'BESSIE.MORRISON@sakilacustomer.org', NULL, NULL, NULL, NULL, '', '', ''),
(222, 'HANSEN', 'DELORES', NULL, NULL, NULL, NULL, NULL, NULL, NULL, NULL, NULL, 'DELORES.HANSEN@sakilacustomer.org', NULL, NULL, NULL, NULL, '', '', ''),
(223, 'FERNANDEZ', 'MELINDA', NULL, NULL, NULL, NULL, NULL, NULL, NULL, NULL, NULL, 'MELINDA.FERNANDEZ@sakilacustomer.org', NULL, NULL, NULL, NULL, '', '', ''),
(224, 'GARZA', 'PEARL', NULL, NULL, NULL, NULL, NULL, NULL, NULL, NULL, NULL, 'PEARL.GARZA@sakilacustomer.org', NULL, NULL, NULL, NULL, '', '', ''),
(225, 'HARVEY', 'ARLENE', NULL, NULL, NULL, NULL, NULL, NULL, NULL, NULL, NULL, 'ARLENE.HARVEY@sakilacustomer.org', NULL, NULL, NULL, NULL, '', '', ''),
(226, 'LITTLE', 'MAUREEN', NULL, NULL, NULL, NULL, NULL, NULL, NULL, NULL, NULL, 'MAUREEN.LITTLE@sakilacustomer.org', NULL, NULL, NULL, NULL, '', '', ''),
(227, 'BURTON', 'COLLEEN', NULL, NULL, NULL, NULL, NULL, NULL, NULL, NULL, NULL, 'COLLEEN.BURTON@sakilacustomer.org', NULL, NULL, NULL, NULL, '', '', ''),
(228, 'STANLEY', 'ALLISON', NULL, NULL, NULL, NULL, NULL, NULL, NULL, NULL, NULL, 'ALLISON.STANLEY@sakilacustomer.org', NULL, NULL, NULL, NULL, '', '', ''),
(229, 'NGUYEN', 'TAMARA', NULL, NULL, NULL, NULL, NULL, NULL, NULL, NULL, NULL, 'TAMARA.NGUYEN@sakilacustomer.org', NULL, NULL, NULL, NULL, '', '', ''),
(230, 'GEORGE', 'JOY', NULL, NULL, NULL, NULL, NULL, NULL, NULL, NULL, NULL, 'JOY.GEORGE@sakilacustomer.org', NULL, NULL, NULL, NULL, '', '', ''),
(231, 'JACOBS', 'GEORGIA', NULL, NULL, NULL, NULL, NULL, NULL, NULL, NULL, NULL, 'GEORGIA.JACOBS@sakilacustomer.org', NULL, NULL, NULL, NULL, '', '', ''),
(232, 'REID', 'CONSTANCE', NULL, NULL, NULL, NULL, NULL, NULL, NULL, NULL, NULL, 'CONSTANCE.REID@sakilacustomer.org', NULL, NULL, NULL, NULL, '', '', ''),
(233, 'KIM', 'LILLIE', NULL, NULL, NULL, NULL, NULL, NULL, NULL, NULL, NULL, 'LILLIE.KIM@sakilacustomer.org', NULL, NULL, NULL, NULL, '', '', ''),
(234, 'FULLER', 'CLAUDIA', NULL, NULL, NULL, NULL, NULL, NULL, NULL, NULL, NULL, 'CLAUDIA.FULLER@sakilacustomer.org', NULL, NULL, NULL, NULL, '', '', ''),
(235, 'LYNCH', 'JACKIE', NULL, NULL, NULL, NULL, NULL, NULL, NULL, NULL, NULL, 'JACKIE.LYNCH@sakilacustomer.org', NULL, NULL, NULL, NULL, '', '', ''),
(236, 'DEAN', 'MARCIA', NULL, NULL, NULL, NULL, NULL, NULL, NULL, NULL, NULL, 'MARCIA.DEAN@sakilacustomer.org', NULL, NULL, NULL, NULL, '', '', ''),
(237, 'GILBERT', 'TANYA', NULL, NULL, NULL, NULL, NULL, NULL, NULL, NULL, NULL, 'TANYA.GILBERT@sakilacustomer.org', NULL, NULL, NULL, NULL, '', '', ''),
(238, 'GARRETT', 'NELLIE', NULL, NULL, NULL, NULL, NULL, NULL, NULL, NULL, NULL, 'NELLIE.GARRETT@sakilacustomer.org', NULL, NULL, NULL, NULL, '', '', ''),
(239, 'ROMERO', 'MINNIE', NULL, NULL, NULL, NULL, NULL, NULL, NULL, NULL, NULL, 'MINNIE.ROMERO@sakilacustomer.org', NULL, NULL, NULL, NULL, '', '', ''),
(240, 'WELCH', 'MARLENE', NULL, NULL, NULL, NULL, NULL, NULL, NULL, NULL, NULL, 'MARLENE.WELCH@sakilacustomer.org', NULL, NULL, NULL, NULL, '', '', ''),
(241, 'LARSON', 'HEIDI', NULL, NULL, NULL, NULL, NULL, NULL, NULL, NULL, NULL, 'HEIDI.LARSON@sakilacustomer.org', NULL, NULL, NULL, NULL, '', '', ''),
(242, 'FRAZIER', 'GLENDA', NULL, NULL, NULL, NULL, NULL, NULL, NULL, NULL, NULL, 'GLENDA.FRAZIER@sakilacustomer.org', NULL, NULL, NULL, NULL, '', '', ''),
(243, 'BURKE', 'LYDIA', NULL, NULL, NULL, NULL, NULL, NULL, NULL, NULL, NULL, 'LYDIA.BURKE@sakilacustomer.org', NULL, NULL, NULL, NULL, '', '', ''),
(244, 'HANSON', 'VIOLA', NULL, NULL, NULL, NULL, NULL, NULL, NULL, NULL, NULL, 'VIOLA.HANSON@sakilacustomer.org', NULL, NULL, NULL, NULL, '', '', ''),
(245, 'DAY', 'COURTNEY', NULL, NULL, NULL, NULL, NULL, NULL, NULL, NULL, NULL, 'COURTNEY.DAY@sakilacustomer.org', NULL, NULL, NULL, NULL, '', '', ''),
(246, 'MENDOZA', 'MARIAN', NULL, NULL, NULL, NULL, NULL, NULL, NULL, NULL, NULL, 'MARIAN.MENDOZA@sakilacustomer.org', NULL, NULL, NULL, NULL, '', '', ''),
(247, 'MORENO', 'STELLA', NULL, NULL, NULL, NULL, NULL, NULL, NULL, NULL, NULL, 'STELLA.MORENO@sakilacustomer.org', NULL, NULL, NULL, NULL, '', '', ''),
(248, 'BOWMAN', 'CAROLINE', NULL, NULL, NULL, NULL, NULL, NULL, NULL, NULL, NULL, 'CAROLINE.BOWMAN@sakilacustomer.org', NULL, NULL, NULL, NULL, '', '', ''),
(249, 'MEDINA', 'DORA', NULL, NULL, NULL, NULL, NULL, NULL, NULL, NULL, NULL, 'DORA.MEDINA@sakilacustomer.org', NULL, NULL, NULL, NULL, '', '', ''),
(250, 'FOWLER', 'JO', NULL, NULL, NULL, NULL, NULL, NULL, NULL, NULL, NULL, 'JO.FOWLER@sakilacustomer.org', NULL, NULL, NULL, NULL, '', '', ''),
(251, 'BREWER', 'VICKIE', NULL, NULL, NULL, NULL, NULL, NULL, NULL, NULL, NULL, 'VICKIE.BREWER@sakilacustomer.org', NULL, NULL, NULL, NULL, '', '', ''),
(252, 'HOFFMAN', 'MATTIE', NULL, NULL, NULL, NULL, NULL, NULL, NULL, NULL, NULL, 'MATTIE.HOFFMAN@sakilacustomer.org', NULL, NULL, NULL, NULL, '', '', ''),
(253, 'CARLSON', 'TERRY', NULL, NULL, NULL, NULL, NULL, NULL, NULL, NULL, NULL, 'TERRY.CARLSON@sakilacustomer.org', NULL, NULL, NULL, NULL, '', '', ''),
(254, 'SILVA', 'MAXINE', NULL, NULL, NULL, NULL, NULL, NULL, NULL, NULL, NULL, 'MAXINE.SILVA@sakilacustomer.org', NULL, NULL, NULL, NULL, '', '', ''),
(255, 'PEARSON', 'IRMA', NULL, NULL, NULL, NULL, NULL, NULL, NULL, NULL, NULL, 'IRMA.PEARSON@sakilacustomer.org', NULL, NULL, NULL, NULL, '', '', ''),
(256, 'HOLLAND', 'MABEL', NULL, NULL, NULL, NULL, NULL, NULL, NULL, NULL, NULL, 'MABEL.HOLLAND@sakilacustomer.org', NULL, NULL, NULL, NULL, '', '', ''),
(257, 'DOUGLAS', 'MARSHA', NULL, NULL, NULL, NULL, NULL, NULL, NULL, NULL, NULL, 'MARSHA.DOUGLAS@sakilacustomer.org', NULL, NULL, NULL, NULL, '', '', ''),
(258, 'FLEMING', 'MYRTLE', NULL, NULL, NULL, NULL, NULL, NULL, NULL, NULL, NULL, 'MYRTLE.FLEMING@sakilacustomer.org', NULL, NULL, NULL, NULL, '', '', ''),
(259, 'JENSEN', 'LENA', NULL, NULL, NULL, NULL, NULL, NULL, NULL, NULL, NULL, 'LENA.JENSEN@sakilacustomer.org', NULL, NULL, NULL, NULL, '', '', ''),
(260, 'VARGAS', 'CHRISTY', NULL, NULL, NULL, NULL, NULL, NULL, NULL, NULL, NULL, 'CHRISTY.VARGAS@sakilacustomer.org', NULL, NULL, NULL, NULL, '', '', ''),
(261, 'BYRD', 'DEANNA', NULL, NULL, NULL, NULL, NULL, NULL, NULL, NULL, NULL, 'DEANNA.BYRD@sakilacustomer.org', NULL, NULL, NULL, NULL, '', '', ''),
(262, 'DAVIDSON', 'PATSY', NULL, NULL, NULL, NULL, NULL, NULL, NULL, NULL, NULL, 'PATSY.DAVIDSON@sakilacustomer.org', NULL, NULL, NULL, NULL, '', '', ''),
(263, 'HOPKINS', 'HILDA', NULL, NULL, NULL, NULL, NULL, NULL, NULL, NULL, NULL, 'HILDA.HOPKINS@sakilacustomer.org', NULL, NULL, NULL, NULL, '', '', ''),
(264, 'MAY', 'GWENDOLYN', NULL, NULL, NULL, NULL, NULL, NULL, NULL, NULL, NULL, 'GWENDOLYN.MAY@sakilacustomer.org', NULL, NULL, NULL, NULL, '', '', ''),
(265, 'TERRY', 'JENNIE', NULL, NULL, NULL, NULL, NULL, NULL, NULL, NULL, NULL, 'JENNIE.TERRY@sakilacustomer.org', NULL, NULL, NULL, NULL, '', '', ''),
(266, 'HERRERA', 'NORA', NULL, NULL, NULL, NULL, NULL, NULL, NULL, NULL, NULL, 'NORA.HERRERA@sakilacustomer.org', NULL, NULL, NULL, NULL, '', '', ''),
(267, 'WADE', 'MARGIE', NULL, NULL, NULL, NULL, NULL, NULL, NULL, NULL, NULL, 'MARGIE.WADE@sakilacustomer.org', NULL, NULL, NULL, NULL, '', '', ''),
(268, 'SOTO', 'NINA', NULL, NULL, NULL, NULL, NULL, NULL, NULL, NULL, NULL, 'NINA.SOTO@sakilacustomer.org', NULL, NULL, NULL, NULL, '', '', ''),
(269, 'WALTERS', 'CASSANDRA', NULL, NULL, NULL, NULL, NULL, NULL, NULL, NULL, NULL, 'CASSANDRA.WALTERS@sakilacustomer.org', NULL, NULL, NULL, NULL, '', '', ''),
(270, 'CURTIS', 'LEAH', NULL, NULL, NULL, NULL, NULL, NULL, NULL, NULL, NULL, 'LEAH.CURTIS@sakilacustomer.org', NULL, NULL, NULL, NULL, '', '', ''),
(271, 'NEAL', 'PENNY', NULL, NULL, NULL, NULL, NULL, NULL, NULL, NULL, NULL, 'PENNY.NEAL@sakilacustomer.org', NULL, NULL, NULL, NULL, '', '', ''),
(272, 'CALDWELL', 'KAY', NULL, NULL, NULL, NULL, NULL, NULL, NULL, NULL, NULL, 'KAY.CALDWELL@sakilacustomer.org', NULL, NULL, NULL, NULL, '', '', ''),
(273, 'LOWE', 'PRISCILLA', NULL, NULL, NULL, NULL, NULL, NULL, NULL, NULL, NULL, 'PRISCILLA.LOWE@sakilacustomer.org', NULL, NULL, NULL, NULL, '', '', ''),
(274, 'JENNINGS', 'NAOMI', NULL, NULL, NULL, NULL, NULL, NULL, NULL, NULL, NULL, 'NAOMI.JENNINGS@sakilacustomer.org', NULL, NULL, NULL, NULL, '', '', ''),
(275, 'BARNETT', 'CAROLE', NULL, NULL, NULL, NULL, NULL, NULL, NULL, NULL, NULL, 'CAROLE.BARNETT@sakilacustomer.org', NULL, NULL, NULL, NULL, '', '', ''),
(276, 'GRAVES', 'BRANDY', NULL, NULL, NULL, NULL, NULL, NULL, NULL, NULL, NULL, 'BRANDY.GRAVES@sakilacustomer.org', NULL, NULL, NULL, NULL, '', '', ''),
(277, 'JIMENEZ', 'OLGA', NULL, NULL, NULL, NULL, NULL, NULL, NULL, NULL, NULL, 'OLGA.JIMENEZ@sakilacustomer.org', NULL, NULL, NULL, NULL, '', '', ''),
(278, 'HORTON', 'BILLIE', NULL, NULL, NULL, NULL, NULL, NULL, NULL, NULL, NULL, 'BILLIE.HORTON@sakilacustomer.org', NULL, NULL, NULL, NULL, '', '', ''),
(279, 'SHELTON', 'DIANNE', NULL, NULL, NULL, NULL, NULL, NULL, NULL, NULL, NULL, 'DIANNE.SHELTON@sakilacustomer.org', NULL, NULL, NULL, NULL, '', '', ''),
(280, 'BARRETT', 'TRACEY', NULL, NULL, NULL, NULL, NULL, NULL, NULL, NULL, NULL, 'TRACEY.BARRETT@sakilacustomer.org', NULL, NULL, NULL, NULL, '', '', ''),
(281, 'OBRIEN', 'LEONA', NULL, NULL, NULL, NULL, NULL, NULL, NULL, NULL, NULL, 'LEONA.OBRIEN@sakilacustomer.org', NULL, NULL, NULL, NULL, '', '', ''),
(282, 'CASTRO', 'JENNY', NULL, NULL, NULL, NULL, NULL, NULL, NULL, NULL, NULL, 'JENNY.CASTRO@sakilacustomer.org', NULL, NULL, NULL, NULL, '', '', ''),
(283, 'SUTTON', 'FELICIA', NULL, NULL, NULL, NULL, NULL, NULL, NULL, NULL, NULL, 'FELICIA.SUTTON@sakilacustomer.org', NULL, NULL, NULL, NULL, '', '', ''),
(284, 'GREGORY', 'SONIA', NULL, NULL, NULL, NULL, NULL, NULL, NULL, NULL, NULL, 'SONIA.GREGORY@sakilacustomer.org', NULL, NULL, NULL, NULL, '', '', ''),
(285, 'MCKINNEY', 'MIRIAM', NULL, NULL, NULL, NULL, NULL, NULL, NULL, NULL, NULL, 'MIRIAM.MCKINNEY@sakilacustomer.org', NULL, NULL, NULL, NULL, '', '', ''),
(286, 'LUCAS', 'VELMA', NULL, NULL, NULL, NULL, NULL, NULL, NULL, NULL, NULL, 'VELMA.LUCAS@sakilacustomer.org', NULL, NULL, NULL, NULL, '', '', ''),
(287, 'MILES', 'BECKY', NULL, NULL, NULL, NULL, NULL, NULL, NULL, NULL, NULL, 'BECKY.MILES@sakilacustomer.org', NULL, NULL, NULL, NULL, '', '', ''),
(288, 'CRAIG', 'BOBBIE', NULL, NULL, NULL, NULL, NULL, NULL, NULL, NULL, NULL, 'BOBBIE.CRAIG@sakilacustomer.org', NULL, NULL, NULL, NULL, '', '', ''),
(289, 'RODRIQUEZ', 'VIOLET', NULL, NULL, NULL, NULL, NULL, NULL, NULL, NULL, NULL, 'VIOLET.RODRIQUEZ@sakilacustomer.org', NULL, NULL, NULL, NULL, '', '', ''),
(290, 'CHAMBERS', 'KRISTINA', NULL, NULL, NULL, NULL, NULL, NULL, NULL, NULL, NULL, 'KRISTINA.CHAMBERS@sakilacustomer.org', NULL, NULL, NULL, NULL, '', '', ''),
(291, 'HOLT', 'TONI', NULL, NULL, NULL, NULL, NULL, NULL, NULL, NULL, NULL, 'TONI.HOLT@sakilacustomer.org', NULL, NULL, NULL, NULL, '', '', ''),
(292, 'LAMBERT', 'MISTY', NULL, NULL, NULL, NULL, NULL, NULL, NULL, NULL, NULL, 'MISTY.LAMBERT@sakilacustomer.org', NULL, NULL, NULL, NULL, '', '', ''),
(293, 'FLETCHER', 'MAE', NULL, NULL, NULL, NULL, NULL, NULL, NULL, NULL, NULL, 'MAE.FLETCHER@sakilacustomer.org', NULL, NULL, NULL, NULL, '', '', ''),
(294, 'WATTS', 'SHELLY', NULL, NULL, NULL, NULL, NULL, NULL, NULL, NULL, NULL, 'SHELLY.WATTS@sakilacustomer.org', NULL, NULL, NULL, NULL, '', '', ''),
(295, 'BATES', 'DAISY', NULL, NULL, NULL, NULL, NULL, NULL, NULL, NULL, NULL, 'DAISY.BATES@sakilacustomer.org', NULL, NULL, NULL, NULL, '', '', ''),
(296, 'HALE', 'RAMONA', NULL, NULL, NULL, NULL, NULL, NULL, NULL, NULL, NULL, 'RAMONA.HALE@sakilacustomer.org', NULL, NULL, NULL, NULL, '', '', ''),
(297, 'RHODES', 'SHERRI', NULL, NULL, NULL, NULL, NULL, NULL, NULL, NULL, NULL, 'SHERRI.RHODES@sakilacustomer.org', NULL, NULL, NULL, NULL, '', '', ''),
(298, 'PENA', 'ERIKA', NULL, NULL, NULL, NULL, NULL, NULL, NULL, NULL, NULL, 'ERIKA.PENA@sakilacustomer.org', NULL, NULL, NULL, NULL, '', '', ''),
(299, 'GANNON', 'JAMES', NULL, NULL, NULL, NULL, NULL, NULL, NULL, NULL, NULL, 'JAMES.GANNON@sakilacustomer.org', NULL, NULL, NULL, NULL, '', '', ''),
(300, 'FARNSWORTH', 'JOHN', NULL, NULL, NULL, NULL, NULL, NULL, NULL, NULL, NULL, 'JOHN.FARNSWORTH@sakilacustomer.org', NULL, NULL, NULL, NULL, '', '', ''),
(301, 'BAUGHMAN', 'ROBERT', NULL, NULL, NULL, NULL, NULL, NULL, NULL, NULL, NULL, 'ROBERT.BAUGHMAN@sakilacustomer.org', NULL, NULL, NULL, NULL, '', '', ''),
(302, 'SILVERMAN', 'MICHAEL', NULL, NULL, NULL, NULL, NULL, NULL, NULL, NULL, NULL, 'MICHAEL.SILVERMAN@sakilacustomer.org', NULL, NULL, NULL, NULL, '', '', ''),
(303, 'SATTERFIELD', 'WILLIAM', NULL, NULL, NULL, NULL, NULL, NULL, NULL, NULL, NULL, 'WILLIAM.SATTERFIELD@sakilacustomer.org', NULL, NULL, NULL, NULL, '', '', ''),
(304, 'ROYAL', 'DAVID', NULL, NULL, NULL, NULL, NULL, NULL, NULL, NULL, NULL, 'DAVID.ROYAL@sakilacustomer.org', NULL, NULL, NULL, NULL, '', '', ''),
(305, 'MCCRARY', 'RICHARD', NULL, NULL, NULL, NULL, NULL, NULL, NULL, NULL, NULL, 'RICHARD.MCCRARY@sakilacustomer.org', NULL, NULL, NULL, NULL, '', '', ''),
(306, 'KOWALSKI', 'CHARLES', NULL, NULL, NULL, NULL, NULL, NULL, NULL, NULL, NULL, 'CHARLES.KOWALSKI@sakilacustomer.org', NULL, NULL, NULL, NULL, '', '', ''),
(307, 'JOY', 'JOSEPH', NULL, NULL, NULL, NULL, NULL, NULL, NULL, NULL, NULL, 'JOSEPH.JOY@sakilacustomer.org', NULL, NULL, NULL, NULL, '', '', ''),
(308, 'GRIGSBY', 'THOMAS', NULL, NULL, NULL, NULL, NULL, NULL, NULL, NULL, NULL, 'THOMAS.GRIGSBY@sakilacustomer.org', NULL, NULL, NULL, NULL, '', '', ''),
(309, 'GRECO', 'CHRISTOPHER', NULL, NULL, NULL, NULL, NULL, NULL, NULL, NULL, NULL, 'CHRISTOPHER.GRECO@sakilacustomer.org', NULL, NULL, NULL, NULL, '', '', ''),
(310, 'CABRAL', 'DANIEL', NULL, NULL, NULL, NULL, NULL, NULL, NULL, NULL, NULL, 'DANIEL.CABRAL@sakilacustomer.org', NULL, NULL, NULL, NULL, '', '', ''),
(311, 'TROUT', 'PAUL', NULL, NULL, NULL, NULL, NULL, NULL, NULL, NULL, NULL, 'PAUL.TROUT@sakilacustomer.org', NULL, NULL, NULL, NULL, '', '', ''),
(312, 'RINEHART', 'MARK', NULL, NULL, NULL, NULL, NULL, NULL, NULL, NULL, NULL, 'MARK.RINEHART@sakilacustomer.org', NULL, NULL, NULL, NULL, '', '', ''),
(313, 'MAHON', 'DONALD', NULL, NULL, NULL, NULL, NULL, NULL, NULL, NULL, NULL, 'DONALD.MAHON@sakilacustomer.org', NULL, NULL, NULL, NULL, '', '', ''),
(314, 'LINTON', 'GEORGE', NULL, NULL, NULL, NULL, NULL, NULL, NULL, NULL, NULL, 'GEORGE.LINTON@sakilacustomer.org', NULL, NULL, NULL, NULL, '', '', ''),
(315, 'GOODEN', 'KENNETH', NULL, NULL, NULL, NULL, NULL, NULL, NULL, NULL, NULL, 'KENNETH.GOODEN@sakilacustomer.org', NULL, NULL, NULL, NULL, '', '', ''),
(316, 'CURLEY', 'STEVEN', NULL, NULL, NULL, NULL, NULL, NULL, NULL, NULL, NULL, 'STEVEN.CURLEY@sakilacustomer.org', NULL, NULL, NULL, NULL, '', '', ''),
(317, 'BAUGH', 'EDWARD', NULL, NULL, NULL, NULL, NULL, NULL, NULL, NULL, NULL, 'EDWARD.BAUGH@sakilacustomer.org', NULL, NULL, NULL, NULL, '', '', ''),
(318, 'WYMAN', 'BRIAN', NULL, NULL, NULL, NULL, NULL, NULL, NULL, NULL, NULL, 'BRIAN.WYMAN@sakilacustomer.org', NULL, NULL, NULL, NULL, '', '', ''),
(319, 'WEINER', 'RONALD', NULL, NULL, NULL, NULL, NULL, NULL, NULL, NULL, NULL, 'RONALD.WEINER@sakilacustomer.org', NULL, NULL, NULL, NULL, '', '', ''),
(320, 'SCHWAB', 'ANTHONY', NULL, NULL, NULL, NULL, NULL, NULL, NULL, NULL, NULL, 'ANTHONY.SCHWAB@sakilacustomer.org', NULL, NULL, NULL, NULL, '', '', ''),
(321, 'SCHULER', 'KEVIN', NULL, NULL, NULL, NULL, NULL, NULL, NULL, NULL, NULL, 'KEVIN.SCHULER@sakilacustomer.org', NULL, NULL, NULL, NULL, '', '', ''),
(322, 'MORRISSEY', 'JASON', NULL, NULL, NULL, NULL, NULL, NULL, NULL, NULL, NULL, 'JASON.MORRISSEY@sakilacustomer.org', NULL, NULL, NULL, NULL, '', '', ''),
(323, 'MAHAN', 'MATTHEW', NULL, NULL, NULL, NULL, NULL, NULL, NULL, NULL, NULL, 'MATTHEW.MAHAN@sakilacustomer.org', NULL, NULL, NULL, NULL, '', '', ''),
(324, 'COY', 'GARY', NULL, NULL, NULL, NULL, NULL, NULL, NULL, NULL, NULL, 'GARY.COY@sakilacustomer.org', NULL, NULL, NULL, NULL, '', '', ''),
(325, 'BUNN', 'TIMOTHY', NULL, NULL, NULL, NULL, NULL, NULL, NULL, NULL, NULL, 'TIMOTHY.BUNN@sakilacustomer.org', NULL, NULL, NULL, NULL, '', '', ''),
(326, 'ANDREW', 'JOSE', NULL, NULL, NULL, NULL, NULL, NULL, NULL, NULL, NULL, 'JOSE.ANDREW@sakilacustomer.org', NULL, NULL, NULL, NULL, '', '', ''),
(327, 'THRASHER', 'LARRY', NULL, NULL, NULL, NULL, NULL, NULL, NULL, NULL, NULL, 'LARRY.THRASHER@sakilacustomer.org', NULL, NULL, NULL, NULL, '', '', ''),
(328, 'SPEAR', 'JEFFREY', NULL, NULL, NULL, NULL, NULL, NULL, NULL, NULL, NULL, 'JEFFREY.SPEAR@sakilacustomer.org', NULL, NULL, NULL, NULL, '', '', ''),
(329, 'WAGGONER', 'FRANK', NULL, NULL, NULL, NULL, NULL, NULL, NULL, NULL, NULL, 'FRANK.WAGGONER@sakilacustomer.org', NULL, NULL, NULL, NULL, '', '', '');
INSERT INTO `employees` (`number`, `last_name`, `first_name`, `status`, `exempt`, `work_city`, `work_ctry`, `cost_center`, `cost_center_manager`, `managers_first_name`, `managers_last_name`, `admin_name`, `email_address`, `level_3_mgr_last_name`, `level_3_mgr_first_name`, `primary_project`, `secondary_project`, `org`, `managers_number`, `lvl_3_mgr_number`) VALUES
(330, 'SHELLEY', 'SCOTT', NULL, NULL, NULL, NULL, NULL, NULL, NULL, NULL, NULL, 'SCOTT.SHELLEY@sakilacustomer.org', NULL, NULL, NULL, NULL, '', '', ''),
(331, 'ROBERT', 'ERIC', NULL, NULL, NULL, NULL, NULL, NULL, NULL, NULL, NULL, 'ERIC.ROBERT@sakilacustomer.org', NULL, NULL, NULL, NULL, '', '', ''),
(332, 'QUALLS', 'STEPHEN', NULL, NULL, NULL, NULL, NULL, NULL, NULL, NULL, NULL, 'STEPHEN.QUALLS@sakilacustomer.org', NULL, NULL, NULL, NULL, '', '', ''),
(333, 'PURDY', 'ANDREW', NULL, NULL, NULL, NULL, NULL, NULL, NULL, NULL, NULL, 'ANDREW.PURDY@sakilacustomer.org', NULL, NULL, NULL, NULL, '', '', ''),
(334, 'MCWHORTER', 'RAYMOND', NULL, NULL, NULL, NULL, NULL, NULL, NULL, NULL, NULL, 'RAYMOND.MCWHORTER@sakilacustomer.org', NULL, NULL, NULL, NULL, '', '', ''),
(335, 'MAULDIN', 'GREGORY', NULL, NULL, NULL, NULL, NULL, NULL, NULL, NULL, NULL, 'GREGORY.MAULDIN@sakilacustomer.org', NULL, NULL, NULL, NULL, '', '', ''),
(336, 'MARK', 'JOSHUA', NULL, NULL, NULL, NULL, NULL, NULL, NULL, NULL, NULL, 'JOSHUA.MARK@sakilacustomer.org', NULL, NULL, NULL, NULL, '', '', ''),
(337, 'JORDON', 'JERRY', NULL, NULL, NULL, NULL, NULL, NULL, NULL, NULL, NULL, 'JERRY.JORDON@sakilacustomer.org', NULL, NULL, NULL, NULL, '', '', ''),
(338, 'GILMAN', 'DENNIS', NULL, NULL, NULL, NULL, NULL, NULL, NULL, NULL, NULL, 'DENNIS.GILMAN@sakilacustomer.org', NULL, NULL, NULL, NULL, '', '', ''),
(339, 'PERRYMAN', 'WALTER', NULL, NULL, NULL, NULL, NULL, NULL, NULL, NULL, NULL, 'WALTER.PERRYMAN@sakilacustomer.org', NULL, NULL, NULL, NULL, '', '', ''),
(340, 'NEWSOM', 'PATRICK', NULL, NULL, NULL, NULL, NULL, NULL, NULL, NULL, NULL, 'PATRICK.NEWSOM@sakilacustomer.org', NULL, NULL, NULL, NULL, '', '', ''),
(341, 'MENARD', 'PETER', NULL, NULL, NULL, NULL, NULL, NULL, NULL, NULL, NULL, 'PETER.MENARD@sakilacustomer.org', NULL, NULL, NULL, NULL, '', '', ''),
(342, 'MARTINO', 'HAROLD', NULL, NULL, NULL, NULL, NULL, NULL, NULL, NULL, NULL, 'HAROLD.MARTINO@sakilacustomer.org', NULL, NULL, NULL, NULL, '', '', ''),
(343, 'GRAF', 'DOUGLAS', NULL, NULL, NULL, NULL, NULL, NULL, NULL, NULL, NULL, 'DOUGLAS.GRAF@sakilacustomer.org', NULL, NULL, NULL, NULL, '', '', ''),
(344, 'BILLINGSLEY', 'HENRY', NULL, NULL, NULL, NULL, NULL, NULL, NULL, NULL, NULL, 'HENRY.BILLINGSLEY@sakilacustomer.org', NULL, NULL, NULL, NULL, '', '', ''),
(345, 'ARTIS', 'CARL', NULL, NULL, NULL, NULL, NULL, NULL, NULL, NULL, NULL, 'CARL.ARTIS@sakilacustomer.org', NULL, NULL, NULL, NULL, '', '', ''),
(346, 'SIMPKINS', 'ARTHUR', NULL, NULL, NULL, NULL, NULL, NULL, NULL, NULL, NULL, 'ARTHUR.SIMPKINS@sakilacustomer.org', NULL, NULL, NULL, NULL, '', '', ''),
(347, 'SALISBURY', 'RYAN', NULL, NULL, NULL, NULL, NULL, NULL, NULL, NULL, NULL, 'RYAN.SALISBURY@sakilacustomer.org', NULL, NULL, NULL, NULL, '', '', ''),
(348, 'QUINTANILLA', 'ROGER', NULL, NULL, NULL, NULL, NULL, NULL, NULL, NULL, NULL, 'ROGER.QUINTANILLA@sakilacustomer.org', NULL, NULL, NULL, NULL, '', '', ''),
(349, 'GILLILAND', 'JOE', NULL, NULL, NULL, NULL, NULL, NULL, NULL, NULL, NULL, 'JOE.GILLILAND@sakilacustomer.org', NULL, NULL, NULL, NULL, '', '', ''),
(350, 'FRALEY', 'JUAN', NULL, NULL, NULL, NULL, NULL, NULL, NULL, NULL, NULL, 'JUAN.FRALEY@sakilacustomer.org', NULL, NULL, NULL, NULL, '', '', ''),
(351, 'FOUST', 'JACK', NULL, NULL, NULL, NULL, NULL, NULL, NULL, NULL, NULL, 'JACK.FOUST@sakilacustomer.org', NULL, NULL, NULL, NULL, '', '', ''),
(352, 'CROUSE', 'ALBERT', NULL, NULL, NULL, NULL, NULL, NULL, NULL, NULL, NULL, 'ALBERT.CROUSE@sakilacustomer.org', NULL, NULL, NULL, NULL, '', '', ''),
(353, 'SCARBOROUGH', 'JONATHAN', NULL, NULL, NULL, NULL, NULL, NULL, NULL, NULL, NULL, 'JONATHAN.SCARBOROUGH@sakilacustomer.org', NULL, NULL, NULL, NULL, '', '', ''),
(354, 'NGO', 'JUSTIN', NULL, NULL, NULL, NULL, NULL, NULL, NULL, NULL, NULL, 'JUSTIN.NGO@sakilacustomer.org', NULL, NULL, NULL, NULL, '', '', ''),
(355, 'GRISSOM', 'TERRY', NULL, NULL, NULL, NULL, NULL, NULL, NULL, NULL, NULL, 'TERRY.GRISSOM@sakilacustomer.org', NULL, NULL, NULL, NULL, '', '', ''),
(356, 'FULTZ', 'GERALD', NULL, NULL, NULL, NULL, NULL, NULL, NULL, NULL, NULL, 'GERALD.FULTZ@sakilacustomer.org', NULL, NULL, NULL, NULL, '', '', ''),
(357, 'RICO', 'KEITH', NULL, NULL, NULL, NULL, NULL, NULL, NULL, NULL, NULL, 'KEITH.RICO@sakilacustomer.org', NULL, NULL, NULL, NULL, '', '', ''),
(358, 'MARLOW', 'SAMUEL', NULL, NULL, NULL, NULL, NULL, NULL, NULL, NULL, NULL, 'SAMUEL.MARLOW@sakilacustomer.org', NULL, NULL, NULL, NULL, '', '', ''),
(359, 'MARKHAM', 'WILLIE', NULL, NULL, NULL, NULL, NULL, NULL, NULL, NULL, NULL, 'WILLIE.MARKHAM@sakilacustomer.org', NULL, NULL, NULL, NULL, '', '', ''),
(360, 'MADRIGAL', 'RALPH', NULL, NULL, NULL, NULL, NULL, NULL, NULL, NULL, NULL, 'RALPH.MADRIGAL@sakilacustomer.org', NULL, NULL, NULL, NULL, '', '', ''),
(361, 'LAWTON', 'LAWRENCE', NULL, NULL, NULL, NULL, NULL, NULL, NULL, NULL, NULL, 'LAWRENCE.LAWTON@sakilacustomer.org', NULL, NULL, NULL, NULL, '', '', ''),
(362, 'BARFIELD', 'NICHOLAS', NULL, NULL, NULL, NULL, NULL, NULL, NULL, NULL, NULL, 'NICHOLAS.BARFIELD@sakilacustomer.org', NULL, NULL, NULL, NULL, '', '', ''),
(363, 'WHITING', 'ROY', NULL, NULL, NULL, NULL, NULL, NULL, NULL, NULL, NULL, 'ROY.WHITING@sakilacustomer.org', NULL, NULL, NULL, NULL, '', '', ''),
(364, 'VARNEY', 'BENJAMIN', NULL, NULL, NULL, NULL, NULL, NULL, NULL, NULL, NULL, 'BENJAMIN.VARNEY@sakilacustomer.org', NULL, NULL, NULL, NULL, '', '', ''),
(365, 'SCHWARZ', 'BRUCE', NULL, NULL, NULL, NULL, NULL, NULL, NULL, NULL, NULL, 'BRUCE.SCHWARZ@sakilacustomer.org', NULL, NULL, NULL, NULL, '', '', ''),
(366, 'HUEY', 'BRANDON', NULL, NULL, NULL, NULL, NULL, NULL, NULL, NULL, NULL, 'BRANDON.HUEY@sakilacustomer.org', NULL, NULL, NULL, NULL, '', '', ''),
(367, 'GOOCH', 'ADAM', NULL, NULL, NULL, NULL, NULL, NULL, NULL, NULL, NULL, 'ADAM.GOOCH@sakilacustomer.org', NULL, NULL, NULL, NULL, '', '', ''),
(368, 'ARCE', 'HARRY', NULL, NULL, NULL, NULL, NULL, NULL, NULL, NULL, NULL, 'HARRY.ARCE@sakilacustomer.org', NULL, NULL, NULL, NULL, '', '', ''),
(369, 'WHEAT', 'FRED', NULL, NULL, NULL, NULL, NULL, NULL, NULL, NULL, NULL, 'FRED.WHEAT@sakilacustomer.org', NULL, NULL, NULL, NULL, '', '', ''),
(370, 'TRUONG', 'WAYNE', NULL, NULL, NULL, NULL, NULL, NULL, NULL, NULL, NULL, 'WAYNE.TRUONG@sakilacustomer.org', NULL, NULL, NULL, NULL, '', '', ''),
(371, 'POULIN', 'BILLY', NULL, NULL, NULL, NULL, NULL, NULL, NULL, NULL, NULL, 'BILLY.POULIN@sakilacustomer.org', NULL, NULL, NULL, NULL, '', '', ''),
(372, 'MACKENZIE', 'STEVE', NULL, NULL, NULL, NULL, NULL, NULL, NULL, NULL, NULL, 'STEVE.MACKENZIE@sakilacustomer.org', NULL, NULL, NULL, NULL, '', '', ''),
(373, 'LEONE', 'LOUIS', NULL, NULL, NULL, NULL, NULL, NULL, NULL, NULL, NULL, 'LOUIS.LEONE@sakilacustomer.org', NULL, NULL, NULL, NULL, '', '', ''),
(374, 'HURTADO', 'JEREMY', NULL, NULL, NULL, NULL, NULL, NULL, NULL, NULL, NULL, 'JEREMY.HURTADO@sakilacustomer.org', NULL, NULL, NULL, NULL, '', '', ''),
(375, 'SELBY', 'AARON', NULL, NULL, NULL, NULL, NULL, NULL, NULL, NULL, NULL, 'AARON.SELBY@sakilacustomer.org', NULL, NULL, NULL, NULL, '', '', ''),
(376, 'GAITHER', 'RANDY', NULL, NULL, NULL, NULL, NULL, NULL, NULL, NULL, NULL, 'RANDY.GAITHER@sakilacustomer.org', NULL, NULL, NULL, NULL, '', '', ''),
(377, 'FORTNER', 'HOWARD', NULL, NULL, NULL, NULL, NULL, NULL, NULL, NULL, NULL, 'HOWARD.FORTNER@sakilacustomer.org', NULL, NULL, NULL, NULL, '', '', ''),
(378, 'CULPEPPER', 'EUGENE', NULL, NULL, NULL, NULL, NULL, NULL, NULL, NULL, NULL, 'EUGENE.CULPEPPER@sakilacustomer.org', NULL, NULL, NULL, NULL, '', '', ''),
(379, 'COUGHLIN', 'CARLOS', NULL, NULL, NULL, NULL, NULL, NULL, NULL, NULL, NULL, 'CARLOS.COUGHLIN@sakilacustomer.org', NULL, NULL, NULL, NULL, '', '', ''),
(380, 'BRINSON', 'RUSSELL', NULL, NULL, NULL, NULL, NULL, NULL, NULL, NULL, NULL, 'RUSSELL.BRINSON@sakilacustomer.org', NULL, NULL, NULL, NULL, '', '', ''),
(381, 'BOUDREAU', 'BOBBY', NULL, NULL, NULL, NULL, NULL, NULL, NULL, NULL, NULL, 'BOBBY.BOUDREAU@sakilacustomer.org', NULL, NULL, NULL, NULL, '', '', ''),
(382, 'BARKLEY', 'VICTOR', NULL, NULL, NULL, NULL, NULL, NULL, NULL, NULL, NULL, 'VICTOR.BARKLEY@sakilacustomer.org', NULL, NULL, NULL, NULL, '', '', ''),
(383, 'BALES', 'MARTIN', NULL, NULL, NULL, NULL, NULL, NULL, NULL, NULL, NULL, 'MARTIN.BALES@sakilacustomer.org', NULL, NULL, NULL, NULL, '', '', ''),
(384, 'STEPP', 'ERNEST', NULL, NULL, NULL, NULL, NULL, NULL, NULL, NULL, NULL, 'ERNEST.STEPP@sakilacustomer.org', NULL, NULL, NULL, NULL, '', '', ''),
(385, 'HOLM', 'PHILLIP', NULL, NULL, NULL, NULL, NULL, NULL, NULL, NULL, NULL, 'PHILLIP.HOLM@sakilacustomer.org', NULL, NULL, NULL, NULL, '', '', ''),
(386, 'TAN', 'TODD', NULL, NULL, NULL, NULL, NULL, NULL, NULL, NULL, NULL, 'TODD.TAN@sakilacustomer.org', NULL, NULL, NULL, NULL, '', '', ''),
(387, 'SCHILLING', 'JESSE', NULL, NULL, NULL, NULL, NULL, NULL, NULL, NULL, NULL, 'JESSE.SCHILLING@sakilacustomer.org', NULL, NULL, NULL, NULL, '', '', ''),
(388, 'MORRELL', 'CRAIG', NULL, NULL, NULL, NULL, NULL, NULL, NULL, NULL, NULL, 'CRAIG.MORRELL@sakilacustomer.org', NULL, NULL, NULL, NULL, '', '', ''),
(389, 'KAHN', 'ALAN', NULL, NULL, NULL, NULL, NULL, NULL, NULL, NULL, NULL, 'ALAN.KAHN@sakilacustomer.org', NULL, NULL, NULL, NULL, '', '', ''),
(390, 'HEATON', 'SHAWN', NULL, NULL, NULL, NULL, NULL, NULL, NULL, NULL, NULL, 'SHAWN.HEATON@sakilacustomer.org', NULL, NULL, NULL, NULL, '', '', ''),
(391, 'GAMEZ', 'CLARENCE', NULL, NULL, NULL, NULL, NULL, NULL, NULL, NULL, NULL, 'CLARENCE.GAMEZ@sakilacustomer.org', NULL, NULL, NULL, NULL, '', '', ''),
(392, 'DOUGLASS', 'SEAN', NULL, NULL, NULL, NULL, NULL, NULL, NULL, NULL, NULL, 'SEAN.DOUGLASS@sakilacustomer.org', NULL, NULL, NULL, NULL, '', '', ''),
(393, 'CAUSEY', 'PHILIP', NULL, NULL, NULL, NULL, NULL, NULL, NULL, NULL, NULL, 'PHILIP.CAUSEY@sakilacustomer.org', NULL, NULL, NULL, NULL, '', '', ''),
(394, 'BROTHERS', 'CHRIS', NULL, NULL, NULL, NULL, NULL, NULL, NULL, NULL, NULL, 'CHRIS.BROTHERS@sakilacustomer.org', NULL, NULL, NULL, NULL, '', '', ''),
(395, 'TURPIN', 'JOHNNY', NULL, NULL, NULL, NULL, NULL, NULL, NULL, NULL, NULL, 'JOHNNY.TURPIN@sakilacustomer.org', NULL, NULL, NULL, NULL, '', '', ''),
(396, 'SHANKS', 'EARL', NULL, NULL, NULL, NULL, NULL, NULL, NULL, NULL, NULL, 'EARL.SHANKS@sakilacustomer.org', NULL, NULL, NULL, NULL, '', '', ''),
(397, 'SCHRADER', 'JIMMY', NULL, NULL, NULL, NULL, NULL, NULL, NULL, NULL, NULL, 'JIMMY.SCHRADER@sakilacustomer.org', NULL, NULL, NULL, NULL, '', '', ''),
(398, 'MEEK', 'ANTONIO', NULL, NULL, NULL, NULL, NULL, NULL, NULL, NULL, NULL, 'ANTONIO.MEEK@sakilacustomer.org', NULL, NULL, NULL, NULL, '', '', ''),
(399, 'ISOM', 'DANNY', NULL, NULL, NULL, NULL, NULL, NULL, NULL, NULL, NULL, 'DANNY.ISOM@sakilacustomer.org', NULL, NULL, NULL, NULL, '', '', ''),
(400, 'HARDISON', 'BRYAN', NULL, NULL, NULL, NULL, NULL, NULL, NULL, NULL, NULL, 'BRYAN.HARDISON@sakilacustomer.org', NULL, NULL, NULL, NULL, '', '', ''),
(401, 'CARRANZA', 'TONY', NULL, NULL, NULL, NULL, NULL, NULL, NULL, NULL, NULL, 'TONY.CARRANZA@sakilacustomer.org', NULL, NULL, NULL, NULL, '', '', ''),
(402, 'YANEZ', 'LUIS', NULL, NULL, NULL, NULL, NULL, NULL, NULL, NULL, NULL, 'LUIS.YANEZ@sakilacustomer.org', NULL, NULL, NULL, NULL, '', '', ''),
(403, 'WAY', 'MIKE', NULL, NULL, NULL, NULL, NULL, NULL, NULL, NULL, NULL, 'MIKE.WAY@sakilacustomer.org', NULL, NULL, NULL, NULL, '', '', ''),
(404, 'SCROGGINS', 'STANLEY', NULL, NULL, NULL, NULL, NULL, NULL, NULL, NULL, NULL, 'STANLEY.SCROGGINS@sakilacustomer.org', NULL, NULL, NULL, NULL, '', '', ''),
(405, 'SCHOFIELD', 'LEONARD', NULL, NULL, NULL, NULL, NULL, NULL, NULL, NULL, NULL, 'LEONARD.SCHOFIELD@sakilacustomer.org', NULL, NULL, NULL, NULL, '', '', ''),
(406, 'RUNYON', 'NATHAN', NULL, NULL, NULL, NULL, NULL, NULL, NULL, NULL, NULL, 'NATHAN.RUNYON@sakilacustomer.org', NULL, NULL, NULL, NULL, '', '', ''),
(407, 'RATCLIFF', 'DALE', NULL, NULL, NULL, NULL, NULL, NULL, NULL, NULL, NULL, 'DALE.RATCLIFF@sakilacustomer.org', NULL, NULL, NULL, NULL, '', '', ''),
(408, 'MURRELL', 'MANUEL', NULL, NULL, NULL, NULL, NULL, NULL, NULL, NULL, NULL, 'MANUEL.MURRELL@sakilacustomer.org', NULL, NULL, NULL, NULL, '', '', ''),
(409, 'MOELLER', 'RODNEY', NULL, NULL, NULL, NULL, NULL, NULL, NULL, NULL, NULL, 'RODNEY.MOELLER@sakilacustomer.org', NULL, NULL, NULL, NULL, '', '', ''),
(410, 'IRBY', 'CURTIS', NULL, NULL, NULL, NULL, NULL, NULL, NULL, NULL, NULL, 'CURTIS.IRBY@sakilacustomer.org', NULL, NULL, NULL, NULL, '', '', ''),
(411, 'CURRIER', 'NORMAN', NULL, NULL, NULL, NULL, NULL, NULL, NULL, NULL, NULL, 'NORMAN.CURRIER@sakilacustomer.org', NULL, NULL, NULL, NULL, '', '', ''),
(412, 'BUTTERFIELD', 'ALLEN', NULL, NULL, NULL, NULL, NULL, NULL, NULL, NULL, NULL, 'ALLEN.BUTTERFIELD@sakilacustomer.org', NULL, NULL, NULL, NULL, '', '', ''),
(413, 'YEE', 'MARVIN', NULL, NULL, NULL, NULL, NULL, NULL, NULL, NULL, NULL, 'MARVIN.YEE@sakilacustomer.org', NULL, NULL, NULL, NULL, '', '', ''),
(414, 'RALSTON', 'VINCENT', NULL, NULL, NULL, NULL, NULL, NULL, NULL, NULL, NULL, 'VINCENT.RALSTON@sakilacustomer.org', NULL, NULL, NULL, NULL, '', '', ''),
(415, 'PULLEN', 'GLENN', NULL, NULL, NULL, NULL, NULL, NULL, NULL, NULL, NULL, 'GLENN.PULLEN@sakilacustomer.org', NULL, NULL, NULL, NULL, '', '', ''),
(416, 'PINSON', 'JEFFERY', NULL, NULL, NULL, NULL, NULL, NULL, NULL, NULL, NULL, 'JEFFERY.PINSON@sakilacustomer.org', NULL, NULL, NULL, NULL, '', '', ''),
(417, 'ESTEP', 'TRAVIS', NULL, NULL, NULL, NULL, NULL, NULL, NULL, NULL, NULL, 'TRAVIS.ESTEP@sakilacustomer.org', NULL, NULL, NULL, NULL, '', '', ''),
(418, 'EAST', 'JEFF', NULL, NULL, NULL, NULL, NULL, NULL, NULL, NULL, NULL, 'JEFF.EAST@sakilacustomer.org', NULL, NULL, NULL, NULL, '', '', ''),
(419, 'CARBONE', 'CHAD', NULL, NULL, NULL, NULL, NULL, NULL, NULL, NULL, NULL, 'CHAD.CARBONE@sakilacustomer.org', NULL, NULL, NULL, NULL, '', '', ''),
(420, 'LANCE', 'JACOB', NULL, NULL, NULL, NULL, NULL, NULL, NULL, NULL, NULL, 'JACOB.LANCE@sakilacustomer.org', NULL, NULL, NULL, NULL, '', '', ''),
(421, 'HAWKS', 'LEE', NULL, NULL, NULL, NULL, NULL, NULL, NULL, NULL, NULL, 'LEE.HAWKS@sakilacustomer.org', NULL, NULL, NULL, NULL, '', '', ''),
(422, 'ELLINGTON', 'MELVIN', NULL, NULL, NULL, NULL, NULL, NULL, NULL, NULL, NULL, 'MELVIN.ELLINGTON@sakilacustomer.org', NULL, NULL, NULL, NULL, '', '', ''),
(423, 'CASILLAS', 'ALFRED', NULL, NULL, NULL, NULL, NULL, NULL, NULL, NULL, NULL, 'ALFRED.CASILLAS@sakilacustomer.org', NULL, NULL, NULL, NULL, '', '', ''),
(424, 'SPURLOCK', 'KYLE', NULL, NULL, NULL, NULL, NULL, NULL, NULL, NULL, NULL, 'KYLE.SPURLOCK@sakilacustomer.org', NULL, NULL, NULL, NULL, '', '', ''),
(425, 'SIKES', 'FRANCIS', NULL, NULL, NULL, NULL, NULL, NULL, NULL, NULL, NULL, 'FRANCIS.SIKES@sakilacustomer.org', NULL, NULL, NULL, NULL, '', '', ''),
(426, 'MOTLEY', 'BRADLEY', NULL, NULL, NULL, NULL, NULL, NULL, NULL, NULL, NULL, 'BRADLEY.MOTLEY@sakilacustomer.org', NULL, NULL, NULL, NULL, '', '', ''),
(427, 'MCCARTNEY', 'JESUS', NULL, NULL, NULL, NULL, NULL, NULL, NULL, NULL, NULL, 'JESUS.MCCARTNEY@sakilacustomer.org', NULL, NULL, NULL, NULL, '', '', ''),
(428, 'KRUGER', 'HERBERT', NULL, NULL, NULL, NULL, NULL, NULL, NULL, NULL, NULL, 'HERBERT.KRUGER@sakilacustomer.org', NULL, NULL, NULL, NULL, '', '', ''),
(429, 'ISBELL', 'FREDERICK', NULL, NULL, NULL, NULL, NULL, NULL, NULL, NULL, NULL, 'FREDERICK.ISBELL@sakilacustomer.org', NULL, NULL, NULL, NULL, '', '', ''),
(430, 'HOULE', 'RAY', NULL, NULL, NULL, NULL, NULL, NULL, NULL, NULL, NULL, 'RAY.HOULE@sakilacustomer.org', NULL, NULL, NULL, NULL, '', '', ''),
(431, 'FRANCISCO', 'JOEL', NULL, NULL, NULL, NULL, NULL, NULL, NULL, NULL, NULL, 'JOEL.FRANCISCO@sakilacustomer.org', NULL, NULL, NULL, NULL, '', '', ''),
(432, 'BURK', 'EDWIN', NULL, NULL, NULL, NULL, NULL, NULL, NULL, NULL, NULL, 'EDWIN.BURK@sakilacustomer.org', NULL, NULL, NULL, NULL, '', '', ''),
(433, 'BONE', 'DON', NULL, NULL, NULL, NULL, NULL, NULL, NULL, NULL, NULL, 'DON.BONE@sakilacustomer.org', NULL, NULL, NULL, NULL, '', '', ''),
(434, 'TOMLIN', 'EDDIE', NULL, NULL, NULL, NULL, NULL, NULL, NULL, NULL, NULL, 'EDDIE.TOMLIN@sakilacustomer.org', NULL, NULL, NULL, NULL, '', '', ''),
(435, 'SHELBY', 'RICKY', NULL, NULL, NULL, NULL, NULL, NULL, NULL, NULL, NULL, 'RICKY.SHELBY@sakilacustomer.org', NULL, NULL, NULL, NULL, '', '', ''),
(436, 'QUIGLEY', 'TROY', NULL, NULL, NULL, NULL, NULL, NULL, NULL, NULL, NULL, 'TROY.QUIGLEY@sakilacustomer.org', NULL, NULL, NULL, NULL, '', '', ''),
(437, 'NEUMANN', 'RANDALL', NULL, NULL, NULL, NULL, NULL, NULL, NULL, NULL, NULL, 'RANDALL.NEUMANN@sakilacustomer.org', NULL, NULL, NULL, NULL, '', '', ''),
(438, 'LOVELACE', 'BARRY', NULL, NULL, NULL, NULL, NULL, NULL, NULL, NULL, NULL, 'BARRY.LOVELACE@sakilacustomer.org', NULL, NULL, NULL, NULL, '', '', ''),
(439, 'FENNELL', 'ALEXANDER', NULL, NULL, NULL, NULL, NULL, NULL, NULL, NULL, NULL, 'ALEXANDER.FENNELL@sakilacustomer.org', NULL, NULL, NULL, NULL, '', '', ''),
(440, 'COLBY', 'BERNARD', NULL, NULL, NULL, NULL, NULL, NULL, NULL, NULL, NULL, 'BERNARD.COLBY@sakilacustomer.org', NULL, NULL, NULL, NULL, '', '', ''),
(441, 'CHEATHAM', 'MARIO', NULL, NULL, NULL, NULL, NULL, NULL, NULL, NULL, NULL, 'MARIO.CHEATHAM@sakilacustomer.org', NULL, NULL, NULL, NULL, '', '', ''),
(442, 'BUSTAMANTE', 'LEROY', NULL, NULL, NULL, NULL, NULL, NULL, NULL, NULL, NULL, 'LEROY.BUSTAMANTE@sakilacustomer.org', NULL, NULL, NULL, NULL, '', '', ''),
(443, 'SKIDMORE', 'FRANCISCO', NULL, NULL, NULL, NULL, NULL, NULL, NULL, NULL, NULL, 'FRANCISCO.SKIDMORE@sakilacustomer.org', NULL, NULL, NULL, NULL, '', '', ''),
(444, 'HIDALGO', 'MARCUS', NULL, NULL, NULL, NULL, NULL, NULL, NULL, NULL, NULL, 'MARCUS.HIDALGO@sakilacustomer.org', NULL, NULL, NULL, NULL, '', '', ''),
(445, 'FORMAN', 'MICHEAL', NULL, NULL, NULL, NULL, NULL, NULL, NULL, NULL, NULL, 'MICHEAL.FORMAN@sakilacustomer.org', NULL, NULL, NULL, NULL, '', '', ''),
(446, 'CULP', 'THEODORE', NULL, NULL, NULL, NULL, NULL, NULL, NULL, NULL, NULL, 'THEODORE.CULP@sakilacustomer.org', NULL, NULL, NULL, NULL, '', '', ''),
(447, 'BOWENS', 'CLIFFORD', NULL, NULL, NULL, NULL, NULL, NULL, NULL, NULL, NULL, 'CLIFFORD.BOWENS@sakilacustomer.org', NULL, NULL, NULL, NULL, '', '', ''),
(448, 'BETANCOURT', 'MIGUEL', NULL, NULL, NULL, NULL, NULL, NULL, NULL, NULL, NULL, 'MIGUEL.BETANCOURT@sakilacustomer.org', NULL, NULL, NULL, NULL, '', '', ''),
(449, 'AQUINO', 'OSCAR', NULL, NULL, NULL, NULL, NULL, NULL, NULL, NULL, NULL, 'OSCAR.AQUINO@sakilacustomer.org', NULL, NULL, NULL, NULL, '', '', ''),
(450, 'ROBB', 'JAY', NULL, NULL, NULL, NULL, NULL, NULL, NULL, NULL, NULL, 'JAY.ROBB@sakilacustomer.org', NULL, NULL, NULL, NULL, '', '', ''),
(451, 'REA', 'JIM', NULL, NULL, NULL, NULL, NULL, NULL, NULL, NULL, NULL, 'JIM.REA@sakilacustomer.org', NULL, NULL, NULL, NULL, '', '', ''),
(452, 'MILNER', 'TOM', NULL, NULL, NULL, NULL, NULL, NULL, NULL, NULL, NULL, 'TOM.MILNER@sakilacustomer.org', NULL, NULL, NULL, NULL, '', '', ''),
(453, 'MARTEL', 'CALVIN', NULL, NULL, NULL, NULL, NULL, NULL, NULL, NULL, NULL, 'CALVIN.MARTEL@sakilacustomer.org', NULL, NULL, NULL, NULL, '', '', ''),
(454, 'GRESHAM', 'ALEX', NULL, NULL, NULL, NULL, NULL, NULL, NULL, NULL, NULL, 'ALEX.GRESHAM@sakilacustomer.org', NULL, NULL, NULL, NULL, '', '', ''),
(455, 'WILES', 'JON', NULL, NULL, NULL, NULL, NULL, NULL, NULL, NULL, NULL, 'JON.WILES@sakilacustomer.org', NULL, NULL, NULL, NULL, '', '', ''),
(456, 'RICKETTS', 'RONNIE', NULL, NULL, NULL, NULL, NULL, NULL, NULL, NULL, NULL, 'RONNIE.RICKETTS@sakilacustomer.org', NULL, NULL, NULL, NULL, '', '', ''),
(457, 'GAVIN', 'BILL', NULL, NULL, NULL, NULL, NULL, NULL, NULL, NULL, NULL, 'BILL.GAVIN@sakilacustomer.org', NULL, NULL, NULL, NULL, '', '', ''),
(458, 'DOWD', 'LLOYD', NULL, NULL, NULL, NULL, NULL, NULL, NULL, NULL, NULL, 'LLOYD.DOWD@sakilacustomer.org', NULL, NULL, NULL, NULL, '', '', ''),
(459, 'COLLAZO', 'TOMMY', NULL, NULL, NULL, NULL, NULL, NULL, NULL, NULL, NULL, 'TOMMY.COLLAZO@sakilacustomer.org', NULL, NULL, NULL, NULL, '', '', ''),
(460, 'BOSTIC', 'LEON', NULL, NULL, NULL, NULL, NULL, NULL, NULL, NULL, NULL, 'LEON.BOSTIC@sakilacustomer.org', NULL, NULL, NULL, NULL, '', '', ''),
(461, 'BLAKELY', 'DEREK', NULL, NULL, NULL, NULL, NULL, NULL, NULL, NULL, NULL, 'DEREK.BLAKELY@sakilacustomer.org', NULL, NULL, NULL, NULL, '', '', ''),
(462, 'SHERROD', 'WARREN', NULL, NULL, NULL, NULL, NULL, NULL, NULL, NULL, NULL, 'WARREN.SHERROD@sakilacustomer.org', NULL, NULL, NULL, NULL, '', '', ''),
(463, 'POWER', 'DARRELL', NULL, NULL, NULL, NULL, NULL, NULL, NULL, NULL, NULL, 'DARRELL.POWER@sakilacustomer.org', NULL, NULL, NULL, NULL, '', '', ''),
(464, 'KENYON', 'JEROME', NULL, NULL, NULL, NULL, NULL, NULL, NULL, NULL, NULL, 'JEROME.KENYON@sakilacustomer.org', NULL, NULL, NULL, NULL, '', '', ''),
(465, 'GANDY', 'FLOYD', NULL, NULL, NULL, NULL, NULL, NULL, NULL, NULL, NULL, 'FLOYD.GANDY@sakilacustomer.org', NULL, NULL, NULL, NULL, '', '', ''),
(466, 'EBERT', 'LEO', NULL, NULL, NULL, NULL, NULL, NULL, NULL, NULL, NULL, 'LEO.EBERT@sakilacustomer.org', NULL, NULL, NULL, NULL, '', '', ''),
(467, 'DELOACH', 'ALVIN', NULL, NULL, NULL, NULL, NULL, NULL, NULL, NULL, NULL, 'ALVIN.DELOACH@sakilacustomer.org', NULL, NULL, NULL, NULL, '', '', ''),
(468, 'CARY', 'TIM', NULL, NULL, NULL, NULL, NULL, NULL, NULL, NULL, NULL, 'TIM.CARY@sakilacustomer.org', NULL, NULL, NULL, NULL, '', '', ''),
(469, 'BULL', 'WESLEY', NULL, NULL, NULL, NULL, NULL, NULL, NULL, NULL, NULL, 'WESLEY.BULL@sakilacustomer.org', NULL, NULL, NULL, NULL, '', '', ''),
(470, 'ALLARD', 'GORDON', NULL, NULL, NULL, NULL, NULL, NULL, NULL, NULL, NULL, 'GORDON.ALLARD@sakilacustomer.org', NULL, NULL, NULL, NULL, '', '', ''),
(471, 'SAUER', 'DEAN', NULL, NULL, NULL, NULL, NULL, NULL, NULL, NULL, NULL, 'DEAN.SAUER@sakilacustomer.org', NULL, NULL, NULL, NULL, '', '', ''),
(472, 'ROBINS', 'GREG', NULL, NULL, NULL, NULL, NULL, NULL, NULL, NULL, NULL, 'GREG.ROBINS@sakilacustomer.org', NULL, NULL, NULL, NULL, '', '', ''),
(473, 'OLIVARES', 'JORGE', NULL, NULL, NULL, NULL, NULL, NULL, NULL, NULL, NULL, 'JORGE.OLIVARES@sakilacustomer.org', NULL, NULL, NULL, NULL, '', '', ''),
(474, 'GILLETTE', 'DUSTIN', NULL, NULL, NULL, NULL, NULL, NULL, NULL, NULL, NULL, 'DUSTIN.GILLETTE@sakilacustomer.org', NULL, NULL, NULL, NULL, '', '', ''),
(475, 'CHESTNUT', 'PEDRO', NULL, NULL, NULL, NULL, NULL, NULL, NULL, NULL, NULL, 'PEDRO.CHESTNUT@sakilacustomer.org', NULL, NULL, NULL, NULL, '', '', ''),
(476, 'BOURQUE', 'DERRICK', NULL, NULL, NULL, NULL, NULL, NULL, NULL, NULL, NULL, 'DERRICK.BOURQUE@sakilacustomer.org', NULL, NULL, NULL, NULL, '', '', ''),
(477, 'PAINE', 'DAN', NULL, NULL, NULL, NULL, NULL, NULL, NULL, NULL, NULL, 'DAN.PAINE@sakilacustomer.org', NULL, NULL, NULL, NULL, '', '', ''),
(478, 'LYMAN', 'LEWIS', NULL, NULL, NULL, NULL, NULL, NULL, NULL, NULL, NULL, 'LEWIS.LYMAN@sakilacustomer.org', NULL, NULL, NULL, NULL, '', '', ''),
(479, 'HITE', 'ZACHARY', NULL, NULL, NULL, NULL, NULL, NULL, NULL, NULL, NULL, 'ZACHARY.HITE@sakilacustomer.org', NULL, NULL, NULL, NULL, '', '', ''),
(480, 'HAUSER', 'COREY', NULL, NULL, NULL, NULL, NULL, NULL, NULL, NULL, NULL, 'COREY.HAUSER@sakilacustomer.org', NULL, NULL, NULL, NULL, '', '', ''),
(481, 'DEVORE', 'HERMAN', NULL, NULL, NULL, NULL, NULL, NULL, NULL, NULL, NULL, 'HERMAN.DEVORE@sakilacustomer.org', NULL, NULL, NULL, NULL, '', '', ''),
(482, 'CRAWLEY', 'MAURICE', NULL, NULL, NULL, NULL, NULL, NULL, NULL, NULL, NULL, 'MAURICE.CRAWLEY@sakilacustomer.org', NULL, NULL, NULL, NULL, '', '', ''),
(483, 'CHAPA', 'VERNON', NULL, NULL, NULL, NULL, NULL, NULL, NULL, NULL, NULL, 'VERNON.CHAPA@sakilacustomer.org', NULL, NULL, NULL, NULL, '', '', ''),
(484, 'VU', 'ROBERTO', NULL, NULL, NULL, NULL, NULL, NULL, NULL, NULL, NULL, 'ROBERTO.VU@sakilacustomer.org', NULL, NULL, NULL, NULL, '', '', ''),
(485, 'TOBIAS', 'CLYDE', NULL, NULL, NULL, NULL, NULL, NULL, NULL, NULL, NULL, 'CLYDE.TOBIAS@sakilacustomer.org', NULL, NULL, NULL, NULL, '', '', ''),
(486, 'TALBERT', 'GLEN', NULL, NULL, NULL, NULL, NULL, NULL, NULL, NULL, NULL, 'GLEN.TALBERT@sakilacustomer.org', NULL, NULL, NULL, NULL, '', '', ''),
(487, 'POINDEXTER', 'HECTOR', NULL, NULL, NULL, NULL, NULL, NULL, NULL, NULL, NULL, 'HECTOR.POINDEXTER@sakilacustomer.org', NULL, NULL, NULL, NULL, '', '', ''),
(488, 'MILLARD', 'SHANE', NULL, NULL, NULL, NULL, NULL, NULL, NULL, NULL, NULL, 'SHANE.MILLARD@sakilacustomer.org', NULL, NULL, NULL, NULL, '', '', ''),
(489, 'MEADOR', 'RICARDO', NULL, NULL, NULL, NULL, NULL, NULL, NULL, NULL, NULL, 'RICARDO.MEADOR@sakilacustomer.org', NULL, NULL, NULL, NULL, '', '', ''),
(490, 'MCDUFFIE', 'SAM', NULL, NULL, NULL, NULL, NULL, NULL, NULL, NULL, NULL, 'SAM.MCDUFFIE@sakilacustomer.org', NULL, NULL, NULL, NULL, '', '', ''),
(491, 'MATTOX', 'RICK', NULL, NULL, NULL, NULL, NULL, NULL, NULL, NULL, NULL, 'RICK.MATTOX@sakilacustomer.org', NULL, NULL, NULL, NULL, '', '', ''),
(492, 'KRAUS', 'LESTER', NULL, NULL, NULL, NULL, NULL, NULL, NULL, NULL, NULL, 'LESTER.KRAUS@sakilacustomer.org', NULL, NULL, NULL, NULL, '', '', ''),
(493, 'HARKINS', 'BRENT', NULL, NULL, NULL, NULL, NULL, NULL, NULL, NULL, NULL, 'BRENT.HARKINS@sakilacustomer.org', NULL, NULL, NULL, NULL, '', '', ''),
(494, 'CHOATE', 'RAMON', NULL, NULL, NULL, NULL, NULL, NULL, NULL, NULL, NULL, 'RAMON.CHOATE@sakilacustomer.org', NULL, NULL, NULL, NULL, '', '', ''),
(495, 'BESS', 'CHARLIE', NULL, NULL, NULL, NULL, NULL, NULL, NULL, NULL, NULL, 'CHARLIE.BESS@sakilacustomer.org', NULL, NULL, NULL, NULL, '', '', ''),
(496, 'WREN', 'TYLER', NULL, NULL, NULL, NULL, NULL, NULL, NULL, NULL, NULL, 'TYLER.WREN@sakilacustomer.org', NULL, NULL, NULL, NULL, '', '', ''),
(497, 'SLEDGE', 'GILBERT', NULL, NULL, NULL, NULL, NULL, NULL, NULL, NULL, NULL, 'GILBERT.SLEDGE@sakilacustomer.org', NULL, NULL, NULL, NULL, '', '', ''),
(498, 'SANBORN', 'GENE', NULL, NULL, NULL, NULL, NULL, NULL, NULL, NULL, NULL, 'GENE.SANBORN@sakilacustomer.org', NULL, NULL, NULL, NULL, '', '', ''),
(499, 'OUTLAW', 'MARC', NULL, NULL, NULL, NULL, NULL, NULL, NULL, NULL, NULL, 'MARC.OUTLAW@sakilacustomer.org', NULL, NULL, NULL, NULL, '', '', ''),
(500, 'KINDER', 'REGINALD', NULL, NULL, NULL, NULL, NULL, NULL, NULL, NULL, NULL, 'REGINALD.KINDER@sakilacustomer.org', NULL, NULL, NULL, NULL, '', '', ''),
(501, 'GEARY', 'RUBEN', NULL, NULL, NULL, NULL, NULL, NULL, NULL, NULL, NULL, 'RUBEN.GEARY@sakilacustomer.org', NULL, NULL, NULL, NULL, '', '', ''),
(502, 'CORNWELL', 'BRETT', NULL, NULL, NULL, NULL, NULL, NULL, NULL, NULL, NULL, 'BRETT.CORNWELL@sakilacustomer.org', NULL, NULL, NULL, NULL, '', '', ''),
(503, 'BARCLAY', 'ANGEL', NULL, NULL, NULL, NULL, NULL, NULL, NULL, NULL, NULL, 'ANGEL.BARCLAY@sakilacustomer.org', NULL, NULL, NULL, NULL, '', '', ''),
(504, 'ADAM', 'NATHANIEL', NULL, NULL, NULL, NULL, NULL, NULL, NULL, NULL, NULL, 'NATHANIEL.ADAM@sakilacustomer.org', NULL, NULL, NULL, NULL, '', '', ''),
(505, 'ABNEY', 'RAFAEL', NULL, NULL, NULL, NULL, NULL, NULL, NULL, NULL, NULL, 'RAFAEL.ABNEY@sakilacustomer.org', NULL, NULL, NULL, NULL, '', '', ''),
(506, 'SEWARD', 'LESLIE', NULL, NULL, NULL, NULL, NULL, NULL, NULL, NULL, NULL, 'LESLIE.SEWARD@sakilacustomer.org', NULL, NULL, NULL, NULL, '', '', ''),
(507, 'RHOADS', 'EDGAR', NULL, NULL, NULL, NULL, NULL, NULL, NULL, NULL, NULL, 'EDGAR.RHOADS@sakilacustomer.org', NULL, NULL, NULL, NULL, '', '', ''),
(508, 'HOWLAND', 'MILTON', NULL, NULL, NULL, NULL, NULL, NULL, NULL, NULL, NULL, 'MILTON.HOWLAND@sakilacustomer.org', NULL, NULL, NULL, NULL, '', '', ''),
(509, 'FORTIER', 'RAUL', NULL, NULL, NULL, NULL, NULL, NULL, NULL, NULL, NULL, 'RAUL.FORTIER@sakilacustomer.org', NULL, NULL, NULL, NULL, '', '', ''),
(510, 'EASTER', 'BEN', NULL, NULL, NULL, NULL, NULL, NULL, NULL, NULL, NULL, 'BEN.EASTER@sakilacustomer.org', NULL, NULL, NULL, NULL, '', '', ''),
(511, 'BENNER', 'CHESTER', NULL, NULL, NULL, NULL, NULL, NULL, NULL, NULL, NULL, 'CHESTER.BENNER@sakilacustomer.org', NULL, NULL, NULL, NULL, '', '', ''),
(512, 'VINES', 'CECIL', NULL, NULL, NULL, NULL, NULL, NULL, NULL, NULL, NULL, 'CECIL.VINES@sakilacustomer.org', NULL, NULL, NULL, NULL, '', '', ''),
(513, 'TUBBS', 'DUANE', NULL, NULL, NULL, NULL, NULL, NULL, NULL, NULL, NULL, 'DUANE.TUBBS@sakilacustomer.org', NULL, NULL, NULL, NULL, '', '', ''),
(514, 'TROUTMAN', 'FRANKLIN', NULL, NULL, NULL, NULL, NULL, NULL, NULL, NULL, NULL, 'FRANKLIN.TROUTMAN@sakilacustomer.org', NULL, NULL, NULL, NULL, '', '', ''),
(515, 'RAPP', 'ANDRE', NULL, NULL, NULL, NULL, NULL, NULL, NULL, NULL, NULL, 'ANDRE.RAPP@sakilacustomer.org', NULL, NULL, NULL, NULL, '', '', ''),
(516, 'NOE', 'ELMER', NULL, NULL, NULL, NULL, NULL, NULL, NULL, NULL, NULL, 'ELMER.NOE@sakilacustomer.org', NULL, NULL, NULL, NULL, '', '', ''),
(517, 'MCCURDY', 'BRAD', NULL, NULL, NULL, NULL, NULL, NULL, NULL, NULL, NULL, 'BRAD.MCCURDY@sakilacustomer.org', NULL, NULL, NULL, NULL, '', '', ''),
(518, 'HARDER', 'GABRIEL', NULL, NULL, NULL, NULL, NULL, NULL, NULL, NULL, NULL, 'GABRIEL.HARDER@sakilacustomer.org', NULL, NULL, NULL, NULL, '', '', ''),
(519, 'DELUCA', 'RON', NULL, NULL, NULL, NULL, NULL, NULL, NULL, NULL, NULL, 'RON.DELUCA@sakilacustomer.org', NULL, NULL, NULL, NULL, '', '', ''),
(520, 'WESTMORELAND', 'MITCHELL', NULL, NULL, NULL, NULL, NULL, NULL, NULL, NULL, NULL, 'MITCHELL.WESTMORELAND@sakilacustomer.org', NULL, NULL, NULL, NULL, '', '', ''),
(521, 'SOUTH', 'ROLAND', NULL, NULL, NULL, NULL, NULL, NULL, NULL, NULL, NULL, 'ROLAND.SOUTH@sakilacustomer.org', NULL, NULL, NULL, NULL, '', '', ''),
(522, 'HAVENS', 'ARNOLD', NULL, NULL, NULL, NULL, NULL, NULL, NULL, NULL, NULL, 'ARNOLD.HAVENS@sakilacustomer.org', NULL, NULL, NULL, NULL, '', '', ''),
(523, 'GUAJARDO', 'HARVEY', NULL, NULL, NULL, NULL, NULL, NULL, NULL, NULL, NULL, 'HARVEY.GUAJARDO@sakilacustomer.org', NULL, NULL, NULL, NULL, '', '', ''),
(524, 'ELY', 'JARED', NULL, NULL, NULL, NULL, NULL, NULL, NULL, NULL, NULL, 'JARED.ELY@sakilacustomer.org', NULL, NULL, NULL, NULL, '', '', ''),
(525, 'CLARY', 'ADRIAN', NULL, NULL, NULL, NULL, NULL, NULL, NULL, NULL, NULL, 'ADRIAN.CLARY@sakilacustomer.org', NULL, NULL, NULL, NULL, '', '', ''),
(526, 'SEAL', 'KARL', NULL, NULL, NULL, NULL, NULL, NULL, NULL, NULL, NULL, 'KARL.SEAL@sakilacustomer.org', NULL, NULL, NULL, NULL, '', '', ''),
(527, 'MEEHAN', 'CORY', NULL, NULL, NULL, NULL, NULL, NULL, NULL, NULL, NULL, 'CORY.MEEHAN@sakilacustomer.org', NULL, NULL, NULL, NULL, '', '', ''),
(528, 'HERZOG', 'CLAUDE', NULL, NULL, NULL, NULL, NULL, NULL, NULL, NULL, NULL, 'CLAUDE.HERZOG@sakilacustomer.org', NULL, NULL, NULL, NULL, '', '', ''),
(529, 'GUILLEN', 'ERIK', NULL, NULL, NULL, NULL, NULL, NULL, NULL, NULL, NULL, 'ERIK.GUILLEN@sakilacustomer.org', NULL, NULL, NULL, NULL, '', '', ''),
(530, 'ASHCRAFT', 'DARRYL', NULL, NULL, NULL, NULL, NULL, NULL, NULL, NULL, NULL, 'DARRYL.ASHCRAFT@sakilacustomer.org', NULL, NULL, NULL, NULL, '', '', ''),
(531, 'WAUGH', 'JAMIE', NULL, NULL, NULL, NULL, NULL, NULL, NULL, NULL, NULL, 'JAMIE.WAUGH@sakilacustomer.org', NULL, NULL, NULL, NULL, '', '', ''),
(532, 'RENNER', 'NEIL', NULL, NULL, NULL, NULL, NULL, NULL, NULL, NULL, NULL, 'NEIL.RENNER@sakilacustomer.org', NULL, NULL, NULL, NULL, '', '', ''),
(533, 'MILAM', 'JESSIE', NULL, NULL, NULL, NULL, NULL, NULL, NULL, NULL, NULL, 'JESSIE.MILAM@sakilacustomer.org', NULL, NULL, NULL, NULL, '', '', ''),
(534, 'JUNG', 'CHRISTIAN', NULL, NULL, NULL, NULL, NULL, NULL, NULL, NULL, NULL, 'CHRISTIAN.JUNG@sakilacustomer.org', NULL, NULL, NULL, NULL, '', '', ''),
(535, 'ELROD', 'JAVIER', NULL, NULL, NULL, NULL, NULL, NULL, NULL, NULL, NULL, 'JAVIER.ELROD@sakilacustomer.org', NULL, NULL, NULL, NULL, '', '', ''),
(536, 'CHURCHILL', 'FERNANDO', NULL, NULL, NULL, NULL, NULL, NULL, NULL, NULL, NULL, 'FERNANDO.CHURCHILL@sakilacustomer.org', NULL, NULL, NULL, NULL, '', '', ''),
(537, 'BUFORD', 'CLINTON', NULL, NULL, NULL, NULL, NULL, NULL, NULL, NULL, NULL, 'CLINTON.BUFORD@sakilacustomer.org', NULL, NULL, NULL, NULL, '', '', ''),
(538, 'BREAUX', 'TED', NULL, NULL, NULL, NULL, NULL, NULL, NULL, NULL, NULL, 'TED.BREAUX@sakilacustomer.org', NULL, NULL, NULL, NULL, '', '', ''),
(539, 'BOLIN', 'MATHEW', NULL, NULL, NULL, NULL, NULL, NULL, NULL, NULL, NULL, 'MATHEW.BOLIN@sakilacustomer.org', NULL, NULL, NULL, NULL, '', '', ''),
(540, 'ASHER', 'TYRONE', NULL, NULL, NULL, NULL, NULL, NULL, NULL, NULL, NULL, 'TYRONE.ASHER@sakilacustomer.org', NULL, NULL, NULL, NULL, '', '', ''),
(541, 'WINDHAM', 'DARREN', NULL, NULL, NULL, NULL, NULL, NULL, NULL, NULL, NULL, 'DARREN.WINDHAM@sakilacustomer.org', NULL, NULL, NULL, NULL, '', '', ''),
(542, 'TIRADO', 'LONNIE', NULL, NULL, NULL, NULL, NULL, NULL, NULL, NULL, NULL, 'LONNIE.TIRADO@sakilacustomer.org', NULL, NULL, NULL, NULL, '', '', ''),
(543, 'PEMBERTON', 'LANCE', NULL, NULL, NULL, NULL, NULL, NULL, NULL, NULL, NULL, 'LANCE.PEMBERTON@sakilacustomer.org', NULL, NULL, NULL, NULL, '', '', ''),
(544, 'NOLEN', 'CODY', NULL, NULL, NULL, NULL, NULL, NULL, NULL, NULL, NULL, 'CODY.NOLEN@sakilacustomer.org', NULL, NULL, NULL, NULL, '', '', ''),
(545, 'NOLAND', 'JULIO', NULL, NULL, NULL, NULL, NULL, NULL, NULL, NULL, NULL, 'JULIO.NOLAND@sakilacustomer.org', NULL, NULL, NULL, NULL, '', '', ''),
(546, 'KNOTT', 'KELLY', NULL, NULL, NULL, NULL, NULL, NULL, NULL, NULL, NULL, 'KELLY.KNOTT@sakilacustomer.org', NULL, NULL, NULL, NULL, '', '', ''),
(547, 'EMMONS', 'KURT', NULL, NULL, NULL, NULL, NULL, NULL, NULL, NULL, NULL, 'KURT.EMMONS@sakilacustomer.org', NULL, NULL, NULL, NULL, '', '', ''),
(548, 'CORNISH', 'ALLAN', NULL, NULL, NULL, NULL, NULL, NULL, NULL, NULL, NULL, 'ALLAN.CORNISH@sakilacustomer.org', NULL, NULL, NULL, NULL, '', '', ''),
(549, 'CHRISTENSON', 'NELSON', NULL, NULL, NULL, NULL, NULL, NULL, NULL, NULL, NULL, 'NELSON.CHRISTENSON@sakilacustomer.org', NULL, NULL, NULL, NULL, '', '', ''),
(550, 'BROWNLEE', 'GUY', NULL, NULL, NULL, NULL, NULL, NULL, NULL, NULL, NULL, 'GUY.BROWNLEE@sakilacustomer.org', NULL, NULL, NULL, NULL, '', '', ''),
(551, 'BARBEE', 'CLAYTON', NULL, NULL, NULL, NULL, NULL, NULL, NULL, NULL, NULL, 'CLAYTON.BARBEE@sakilacustomer.org', NULL, NULL, NULL, NULL, '', '', ''),
(552, 'WALDROP', 'HUGH', NULL, NULL, NULL, NULL, NULL, NULL, NULL, NULL, NULL, 'HUGH.WALDROP@sakilacustomer.org', NULL, NULL, NULL, NULL, '', '', ''),
(553, 'PITT', 'MAX', NULL, NULL, NULL, NULL, NULL, NULL, NULL, NULL, NULL, 'MAX.PITT@sakilacustomer.org', NULL, NULL, NULL, NULL, '', '', ''),
(554, 'OLVERA', 'DWAYNE', NULL, NULL, NULL, NULL, NULL, NULL, NULL, NULL, NULL, 'DWAYNE.OLVERA@sakilacustomer.org', NULL, NULL, NULL, NULL, '', '', ''),
(555, 'LOMBARDI', 'DWIGHT', NULL, NULL, NULL, NULL, NULL, NULL, NULL, NULL, NULL, 'DWIGHT.LOMBARDI@sakilacustomer.org', NULL, NULL, NULL, NULL, '', '', ''),
(556, 'GRUBER', 'ARMANDO', NULL, NULL, NULL, NULL, NULL, NULL, NULL, NULL, NULL, 'ARMANDO.GRUBER@sakilacustomer.org', NULL, NULL, NULL, NULL, '', '', ''),
(557, 'GAFFNEY', 'FELIX', NULL, NULL, NULL, NULL, NULL, NULL, NULL, NULL, NULL, 'FELIX.GAFFNEY@sakilacustomer.org', NULL, NULL, NULL, NULL, '', '', ''),
(558, 'EGGLESTON', 'JIMMIE', NULL, NULL, NULL, NULL, NULL, NULL, NULL, NULL, NULL, 'JIMMIE.EGGLESTON@sakilacustomer.org', NULL, NULL, NULL, NULL, '', '', ''),
(559, 'BANDA', 'EVERETT', NULL, NULL, NULL, NULL, NULL, NULL, NULL, NULL, NULL, 'EVERETT.BANDA@sakilacustomer.org', NULL, NULL, NULL, NULL, '', '', ''),
(560, 'ARCHULETA', 'JORDAN', NULL, NULL, NULL, NULL, NULL, NULL, NULL, NULL, NULL, 'JORDAN.ARCHULETA@sakilacustomer.org', NULL, NULL, NULL, NULL, '', '', ''),
(561, 'STILL', 'IAN', NULL, NULL, NULL, NULL, NULL, NULL, NULL, NULL, NULL, 'IAN.STILL@sakilacustomer.org', NULL, NULL, NULL, NULL, '', '', ''),
(562, 'SLONE', 'WALLACE', NULL, NULL, NULL, NULL, NULL, NULL, NULL, NULL, NULL, 'WALLACE.SLONE@sakilacustomer.org', NULL, NULL, NULL, NULL, '', '', ''),
(563, 'PREWITT', 'KEN', NULL, NULL, NULL, NULL, NULL, NULL, NULL, NULL, NULL, 'KEN.PREWITT@sakilacustomer.org', NULL, NULL, NULL, NULL, '', '', ''),
(564, 'PFEIFFER', 'BOB', NULL, NULL, NULL, NULL, NULL, NULL, NULL, NULL, NULL, 'BOB.PFEIFFER@sakilacustomer.org', NULL, NULL, NULL, NULL, '', '', ''),
(565, 'NETTLES', 'JAIME', NULL, NULL, NULL, NULL, NULL, NULL, NULL, NULL, NULL, 'JAIME.NETTLES@sakilacustomer.org', NULL, NULL, NULL, NULL, '', '', ''),
(566, 'MENA', 'CASEY', NULL, NULL, NULL, NULL, NULL, NULL, NULL, NULL, NULL, 'CASEY.MENA@sakilacustomer.org', NULL, NULL, NULL, NULL, '', '', ''),
(567, 'MCADAMS', 'ALFREDO', NULL, NULL, NULL, NULL, NULL, NULL, NULL, NULL, NULL, 'ALFREDO.MCADAMS@sakilacustomer.org', NULL, NULL, NULL, NULL, '', '', ''),
(568, 'HENNING', 'ALBERTO', NULL, NULL, NULL, NULL, NULL, NULL, NULL, NULL, NULL, 'ALBERTO.HENNING@sakilacustomer.org', NULL, NULL, NULL, NULL, '', '', ''),
(569, 'GARDINER', 'DAVE', NULL, NULL, NULL, NULL, NULL, NULL, NULL, NULL, NULL, 'DAVE.GARDINER@sakilacustomer.org', NULL, NULL, NULL, NULL, '', '', ''),
(570, 'CROMWELL', 'IVAN', NULL, NULL, NULL, NULL, NULL, NULL, NULL, NULL, NULL, 'IVAN.CROMWELL@sakilacustomer.org', NULL, NULL, NULL, NULL, '', '', ''),
(571, 'CHISHOLM', 'JOHNNIE', NULL, NULL, NULL, NULL, NULL, NULL, NULL, NULL, NULL, 'JOHNNIE.CHISHOLM@sakilacustomer.org', NULL, NULL, NULL, NULL, '', '', ''),
(572, 'BURLESON', 'SIDNEY', NULL, NULL, NULL, NULL, NULL, NULL, NULL, NULL, NULL, 'SIDNEY.BURLESON@sakilacustomer.org', NULL, NULL, NULL, NULL, '', '', ''),
(573, 'BOX', 'BYRON', NULL, NULL, NULL, NULL, NULL, NULL, NULL, NULL, NULL, 'BYRON.BOX@sakilacustomer.org', NULL, NULL, NULL, NULL, '', '', ''),
(574, 'VEST', 'JULIAN', NULL, NULL, NULL, NULL, NULL, NULL, NULL, NULL, NULL, 'JULIAN.VEST@sakilacustomer.org', NULL, NULL, NULL, NULL, '', '', ''),
(575, 'OGLESBY', 'ISAAC', NULL, NULL, NULL, NULL, NULL, NULL, NULL, NULL, NULL, 'ISAAC.OGLESBY@sakilacustomer.org', NULL, NULL, NULL, NULL, '', '', ''),
(576, 'MCCARTER', 'MORRIS', NULL, NULL, NULL, NULL, NULL, NULL, NULL, NULL, NULL, 'MORRIS.MCCARTER@sakilacustomer.org', NULL, NULL, NULL, NULL, '', '', ''),
(577, 'MALCOLM', 'CLIFTON', NULL, NULL, NULL, NULL, NULL, NULL, NULL, NULL, NULL, 'CLIFTON.MALCOLM@sakilacustomer.org', NULL, NULL, NULL, NULL, '', '', ''),
(578, 'LUMPKIN', 'WILLARD', NULL, NULL, NULL, NULL, NULL, NULL, NULL, NULL, NULL, 'WILLARD.LUMPKIN@sakilacustomer.org', NULL, NULL, NULL, NULL, '', '', ''),
(579, 'LARUE', 'DARYL', NULL, NULL, NULL, NULL, NULL, NULL, NULL, NULL, NULL, 'DARYL.LARUE@sakilacustomer.org', NULL, NULL, NULL, NULL, '', '', ''),
(580, 'GREY', 'ROSS', NULL, NULL, NULL, NULL, NULL, NULL, NULL, NULL, NULL, 'ROSS.GREY@sakilacustomer.org', NULL, NULL, NULL, NULL, '', '', ''),
(581, 'WOFFORD', 'VIRGIL', NULL, NULL, NULL, NULL, NULL, NULL, NULL, NULL, NULL, 'VIRGIL.WOFFORD@sakilacustomer.org', NULL, NULL, NULL, NULL, '', '', ''),
(582, 'VANHORN', 'ANDY', NULL, NULL, NULL, NULL, NULL, NULL, NULL, NULL, NULL, 'ANDY.VANHORN@sakilacustomer.org', NULL, NULL, NULL, NULL, '', '', ''),
(583, 'THORN', 'MARSHALL', NULL, NULL, NULL, NULL, NULL, NULL, NULL, NULL, NULL, 'MARSHALL.THORN@sakilacustomer.org', NULL, NULL, NULL, NULL, '', '', ''),
(584, 'TEEL', 'SALVADOR', NULL, NULL, NULL, NULL, NULL, NULL, NULL, NULL, NULL, 'SALVADOR.TEEL@sakilacustomer.org', NULL, NULL, NULL, NULL, '', '', ''),
(585, 'SWAFFORD', 'PERRY', NULL, NULL, NULL, NULL, NULL, NULL, NULL, NULL, NULL, 'PERRY.SWAFFORD@sakilacustomer.org', NULL, NULL, NULL, NULL, '', '', ''),
(586, 'STCLAIR', 'KIRK', NULL, NULL, NULL, NULL, NULL, NULL, NULL, NULL, NULL, 'KIRK.STCLAIR@sakilacustomer.org', NULL, NULL, NULL, NULL, '', '', ''),
(587, 'STANFIELD', 'SERGIO', NULL, NULL, NULL, NULL, NULL, NULL, NULL, NULL, NULL, 'SERGIO.STANFIELD@sakilacustomer.org', NULL, NULL, NULL, NULL, '', '', ''),
(588, 'OCAMPO', 'MARION', NULL, NULL, NULL, NULL, NULL, NULL, NULL, NULL, NULL, 'MARION.OCAMPO@sakilacustomer.org', NULL, NULL, NULL, NULL, '', '', ''),
(589, 'HERRMANN', 'TRACY', NULL, NULL, NULL, NULL, NULL, NULL, NULL, NULL, NULL, 'TRACY.HERRMANN@sakilacustomer.org', NULL, NULL, NULL, NULL, '', '', ''),
(590, 'HANNON', 'SETH', NULL, NULL, NULL, NULL, NULL, NULL, NULL, NULL, NULL, 'SETH.HANNON@sakilacustomer.org', NULL, NULL, NULL, NULL, '', '', ''),
(591, 'ARSENAULT', 'KENT', NULL, NULL, NULL, NULL, NULL, NULL, NULL, NULL, NULL, 'KENT.ARSENAULT@sakilacustomer.org', NULL, NULL, NULL, NULL, '', '', ''),
(592, 'ROUSH', 'TERRANCE', NULL, NULL, NULL, NULL, NULL, NULL, NULL, NULL, NULL, 'TERRANCE.ROUSH@sakilacustomer.org', NULL, NULL, NULL, NULL, '', '', ''),
(593, 'MCALISTER', 'RENE', NULL, NULL, NULL, NULL, NULL, NULL, NULL, NULL, NULL, 'RENE.MCALISTER@sakilacustomer.org', NULL, NULL, NULL, NULL, '', '', ''),
(594, 'HIATT', 'EDUARDO', NULL, NULL, NULL, NULL, NULL, NULL, NULL, NULL, NULL, 'EDUARDO.HIATT@sakilacustomer.org', NULL, NULL, NULL, NULL, '', '', ''),
(595, 'GUNDERSON', 'TERRENCE', NULL, NULL, NULL, NULL, NULL, NULL, NULL, NULL, NULL, 'TERRENCE.GUNDERSON@sakilacustomer.org', NULL, NULL, NULL, NULL, '', '', ''),
(596, 'FORSYTHE', 'ENRIQUE', NULL, NULL, NULL, NULL, NULL, NULL, NULL, NULL, NULL, 'ENRIQUE.FORSYTHE@sakilacustomer.org', NULL, NULL, NULL, NULL, '', '', ''),
(597, 'DUGGAN', 'FREDDIE', NULL, NULL, NULL, NULL, NULL, NULL, NULL, NULL, NULL, 'FREDDIE.DUGGAN@sakilacustomer.org', NULL, NULL, NULL, NULL, '', '', ''),
(598, 'DELVALLE', 'WADE', NULL, NULL, NULL, NULL, NULL, NULL, NULL, NULL, NULL, 'WADE.DELVALLE@sakilacustomer.org', NULL, NULL, NULL, NULL, '', '', ''),
(599, 'CINTRON', 'AUSTIN', NULL, NULL, NULL, NULL, NULL, NULL, NULL, NULL, NULL, 'AUSTIN.CINTRON@sakilacustomer.org', NULL, NULL, NULL, NULL, '', '', '');

-- --------------------------------------------------------

--
-- Table structure for table `employee_identification`
--

CREATE TABLE `employee_identification` (
  `tool_id` varchar(25) NOT NULL,
  `name` varchar(255) NOT NULL,
  `division` varchar(255) NOT NULL,
  `email_address` varchar(255) NOT NULL,
  `hr_id` int(25) NOT NULL
) ENGINE=InnoDB DEFAULT CHARSET=latin1;

-- --------------------------------------------------------

--
-- Table structure for table `membership`
--

CREATE TABLE `membership` (
  `art_name` varchar(50) DEFAULT NULL,
  `team_name` varchar(50) NOT NULL,
  `employee_name` varchar(50) NOT NULL,
  `number` int(10) NOT NULL,
  `role` varchar(30) NOT NULL
) ENGINE=InnoDB DEFAULT CHARSET=latin1;

--
-- Dumping data for table `membership`
--

INSERT INTO `membership` (`art_name`, `team_name`, `employee_name`, `number`, `role`) VALUES
(NULL, 'AT-700', 'MARY SMITH', 1, 'Scrum Master (SM)'),
(NULL, 'AT-700', 'ANNA HILL', 33, 'Product Owner (PO)'),
(NULL, 'AT-700', 'ROSE HOWARD', 65, 'Agile Team Member (ATM)'),
(NULL, 'AT-700', 'ANNIE RUSSELL', 97, 'Agile Team Member (ATM)'),
(NULL, 'AT-700', 'CARRIE PORTER', 129, 'Agile Team Member (ATM)'),
(NULL, 'AT-700', 'GERALDINE PERKINS', 161, 'Agile Team Member (ATM)'),
(NULL, 'AT-700', 'KATIE ELLIOTT', 193, 'Agile Team Member (ATM)'),
(NULL, 'AT-700', 'ARLENE HARVEY', 225, 'Agile Team Member (ATM)'),
(NULL, 'AT-700', 'MARSHA DOUGLAS', 257, 'Agile Team Member (ATM)'),
(NULL, 'AT-700', 'VIOLET RODRIQUEZ', 289, 'Agile Team Member (ATM)'),
(NULL, 'AT-700', 'KEVIN SCHULER', 321, 'Agile Team Member (ATM)'),
(NULL, 'AT-700', 'JONATHAN SCARBOROUGH', 353, 'Agile Team Member (ATM)'),
(NULL, 'AT-700', 'PHILLIP HOLM', 385, 'Agile Team Member (ATM)'),
(NULL, 'AT-700', 'TRAVIS ESTEP', 417, 'Agile Team Member (ATM)'),
(NULL, 'AT-700', 'OSCAR AQUINO', 449, 'Agile Team Member (ATM)'),
(NULL, 'AT-700', 'HERMAN DEVORE', 481, 'Agile Team Member (ATM)'),
(NULL, 'AT-700', 'DUANE TUBBS', 513, 'Agile Team Member (ATM)'),
(NULL, 'AT-700', 'JULIO NOLAND', 545, 'Agile Team Member (ATM)'),
(NULL, 'AT-700', 'CLIFTON MALCOLM', 577, 'Agile Team Member (ATM)'),
(NULL, 'AT-701', 'PATRICIA JOHNSON', 2, 'Scrum Master (SM)'),
(NULL, 'AT-701', 'REBECCA SCOTT', 34, 'Product Owner (PO)'),
(NULL, 'AT-701', 'JANICE WARD', 66, 'Agile Team Member (ATM)'),
(NULL, 'AT-701', 'LILLIAN GRIFFIN', 98, 'Agile Team Member (ATM)'),
(NULL, 'AT-701', 'CHARLOTTE HUNTER', 130, 'Agile Team Member (ATM)'),
(NULL, 'AT-701', 'LAUREN HUDSON', 162, 'Agile Team Member (ATM)'),
(NULL, 'AT-701', 'KRISTEN CHAVEZ', 194, 'Agile Team Member (ATM)'),
(NULL, 'AT-701', 'MAUREEN LITTLE', 226, 'Agile Team Member (ATM)'),
(NULL, 'AT-701', 'MYRTLE FLEMING', 258, 'Agile Team Member (ATM)'),
(NULL, 'AT-701', 'KRISTINA CHAMBERS', 290, 'Agile Team Member (ATM)'),
(NULL, 'AT-701', 'JASON MORRISSEY', 322, 'Agile Team Member (ATM)'),
(NULL, 'AT-701', 'JUSTIN NGO', 354, 'Agile Team Member (ATM)'),
(NULL, 'AT-701', 'TODD TAN', 386, 'Agile Team Member (ATM)'),
(NULL, 'AT-701', 'JEFF EAST', 418, 'Agile Team Member (ATM)'),
(NULL, 'AT-701', 'JAY ROBB', 450, 'Agile Team Member (ATM)'),
(NULL, 'AT-701', 'MAURICE CRAWLEY', 482, 'Agile Team Member (ATM)'),
(NULL, 'AT-701', 'FRANKLIN TROUTMAN', 514, 'Agile Team Member (ATM)'),
(NULL, 'AT-701', 'KELLY KNOTT', 546, 'Agile Team Member (ATM)'),
(NULL, 'AT-701', 'WILLARD LUMPKIN', 578, 'Agile Team Member (ATM)'),
(NULL, 'AT-702', 'LINDA WILLIAMS', 3, 'Scrum Master (SM)'),
(NULL, 'AT-702', 'VIRGINIA GREEN', 35, 'Product Owner (PO)'),
(NULL, 'AT-702', 'KELLY TORRES', 67, 'Agile Team Member (ATM)'),
(NULL, 'AT-702', 'EMILY DIAZ', 99, 'Agile Team Member (ATM)'),
(NULL, 'AT-702', 'MONICA HICKS', 131, 'Agile Team Member (ATM)'),
(NULL, 'AT-702', 'CATHY SPENCER', 163, 'Agile Team Member (ATM)'),
(NULL, 'AT-702', 'VANESSA SIMS', 195, 'Agile Team Member (ATM)'),
(NULL, 'AT-702', 'COLLEEN BURTON', 227, 'Agile Team Member (ATM)'),
(NULL, 'AT-702', 'LENA JENSEN', 259, 'Agile Team Member (ATM)'),
(NULL, 'AT-702', 'TONI HOLT', 291, 'Agile Team Member (ATM)'),
(NULL, 'AT-702', 'MATTHEW MAHAN', 323, 'Agile Team Member (ATM)'),
(NULL, 'AT-702', 'TERRY GRISSOM', 355, 'Agile Team Member (ATM)'),
(NULL, 'AT-702', 'JESSE SCHILLING', 387, 'Agile Team Member (ATM)'),
(NULL, 'AT-702', 'CHAD CARBONE', 419, 'Agile Team Member (ATM)'),
(NULL, 'AT-702', 'JIM REA', 451, 'Agile Team Member (ATM)'),
(NULL, 'AT-702', 'VERNON CHAPA', 483, 'Agile Team Member (ATM)'),
(NULL, 'AT-702', 'ANDRE RAPP', 515, 'Agile Team Member (ATM)'),
(NULL, 'AT-702', 'KURT EMMONS', 547, 'Agile Team Member (ATM)'),
(NULL, 'AT-702', 'DARYL LARUE', 579, 'Agile Team Member (ATM)'),
(NULL, 'AT-703', 'BARBARA JONES', 4, 'Scrum Master (SM)'),
(NULL, 'AT-703', 'KATHLEEN ADAMS', 36, 'Product Owner (PO)'),
(NULL, 'AT-703', 'NICOLE PETERSON', 68, 'Agile Team Member (ATM)'),
(NULL, 'AT-703', 'ROBIN HAYES', 100, 'Agile Team Member (ATM)'),
(NULL, 'AT-703', 'ESTHER CRAWFORD', 132, 'Agile Team Member (ATM)'),
(NULL, 'AT-703', 'JOANN GARDNER', 164, 'Agile Team Member (ATM)'),
(NULL, 'AT-703', 'ALMA AUSTIN', 196, 'Agile Team Member (ATM)'),
(NULL, 'AT-703', 'ALLISON STANLEY', 228, 'Agile Team Member (ATM)'),
(NULL, 'AT-703', 'CHRISTY VARGAS', 260, 'Agile Team Member (ATM)'),
(NULL, 'AT-703', 'MISTY LAMBERT', 292, 'Agile Team Member (ATM)'),
(NULL, 'AT-703', 'GARY COY', 324, 'Agile Team Member (ATM)'),
(NULL, 'AT-703', 'GERALD FULTZ', 356, 'Agile Team Member (ATM)'),
(NULL, 'AT-703', 'CRAIG MORRELL', 388, 'Agile Team Member (ATM)'),
(NULL, 'AT-703', 'JACOB LANCE', 420, 'Agile Team Member (ATM)'),
(NULL, 'AT-703', 'TOM MILNER', 452, 'Agile Team Member (ATM)'),
(NULL, 'AT-703', 'ROBERTO VU', 484, 'Agile Team Member (ATM)'),
(NULL, 'AT-703', 'ELMER NOE', 516, 'Agile Team Member (ATM)'),
(NULL, 'AT-703', 'ALLAN CORNISH', 548, 'Agile Team Member (ATM)'),
(NULL, 'AT-703', 'ROSS GREY', 580, 'Agile Team Member (ATM)'),
(NULL, 'AT-704', 'ELIZABETH BROWN', 5, 'Scrum Master (SM)'),
(NULL, 'AT-704', 'PAMELA BAKER', 37, 'Product Owner (PO)'),
(NULL, 'AT-704', 'JUDY GRAY', 69, 'Agile Team Member (ATM)'),
(NULL, 'AT-704', 'PEGGY MYERS', 101, 'Agile Team Member (ATM)'),
(NULL, 'AT-704', 'PAULINE HENRY', 133, 'Agile Team Member (ATM)'),
(NULL, 'AT-704', 'LORRAINE STEPHENS', 165, 'Agile Team Member (ATM)'),
(NULL, 'AT-704', 'SUE PETERS', 197, 'Agile Team Member (ATM)'),
(NULL, 'AT-704', 'TAMARA NGUYEN', 229, 'Agile Team Member (ATM)'),
(NULL, 'AT-704', 'DEANNA BYRD', 261, 'Agile Team Member (ATM)'),
(NULL, 'AT-704', 'MAE FLETCHER', 293, 'Agile Team Member (ATM)'),
(NULL, 'AT-704', 'TIMOTHY BUNN', 325, 'Agile Team Member (ATM)'),
(NULL, 'AT-704', 'KEITH RICO', 357, 'Agile Team Member (ATM)'),
(NULL, 'AT-704', 'ALAN KAHN', 389, 'Agile Team Member (ATM)'),
(NULL, 'AT-704', 'LEE HAWKS', 421, 'Agile Team Member (ATM)'),
(NULL, 'AT-704', 'CALVIN MARTEL', 453, 'Agile Team Member (ATM)'),
(NULL, 'AT-704', 'CLYDE TOBIAS', 485, 'Agile Team Member (ATM)'),
(NULL, 'AT-704', 'BRAD MCCURDY', 517, 'Agile Team Member (ATM)'),
(NULL, 'AT-704', 'NELSON CHRISTENSON', 549, 'Agile Team Member (ATM)'),
(NULL, 'AT-704', 'VIRGIL WOFFORD', 581, 'Agile Team Member (ATM)'),
(NULL, 'AT-705', 'JENNIFER DAVIS', 6, 'Scrum Master (SM)'),
(NULL, 'AT-705', 'MARTHA GONZALEZ', 38, 'Product Owner (PO)'),
(NULL, 'AT-705', 'CHRISTINA RAMIREZ', 70, 'Agile Team Member (ATM)'),
(NULL, 'AT-705', 'CRYSTAL FORD', 102, 'Agile Team Member (ATM)'),
(NULL, 'AT-705', 'EMMA BOYD', 134, 'Agile Team Member (ATM)'),
(NULL, 'AT-705', 'LYNN PAYNE', 166, 'Agile Team Member (ATM)'),
(NULL, 'AT-705', 'ELSIE KELLEY', 198, 'Agile Team Member (ATM)'),
(NULL, 'AT-705', 'JOY GEORGE', 230, 'Agile Team Member (ATM)'),
(NULL, 'AT-705', 'PATSY DAVIDSON', 262, 'Agile Team Member (ATM)'),
(NULL, 'AT-705', 'SHELLY WATTS', 294, 'Agile Team Member (ATM)'),
(NULL, 'AT-705', 'JOSE ANDREW', 326, 'Agile Team Member (ATM)'),
(NULL, 'AT-705', 'SAMUEL MARLOW', 358, 'Agile Team Member (ATM)'),
(NULL, 'AT-705', 'SHAWN HEATON', 390, 'Agile Team Member (ATM)'),
(NULL, 'AT-705', 'MELVIN ELLINGTON', 422, 'Agile Team Member (ATM)'),
(NULL, 'AT-705', 'ALEX GRESHAM', 454, 'Agile Team Member (ATM)'),
(NULL, 'AT-705', 'GLEN TALBERT', 486, 'Agile Team Member (ATM)'),
(NULL, 'AT-705', 'GABRIEL HARDER', 518, 'Agile Team Member (ATM)'),
(NULL, 'AT-705', 'GUY BROWNLEE', 550, 'Agile Team Member (ATM)'),
(NULL, 'AT-705', 'ANDY VANHORN', 582, 'Agile Team Member (ATM)'),
(NULL, 'AT-706', 'MARIA MILLER', 7, 'Scrum Master (SM)'),
(NULL, 'AT-706', 'DEBRA NELSON', 39, 'Product Owner (PO)'),
(NULL, 'AT-706', 'KATHY JAMES', 71, 'Agile Team Member (ATM)'),
(NULL, 'AT-706', 'GLADYS HAMILTON', 103, 'Agile Team Member (ATM)'),
(NULL, 'AT-706', 'JUANITA MASON', 135, 'Agile Team Member (ATM)'),
(NULL, 'AT-706', 'SALLY PIERCE', 167, 'Agile Team Member (ATM)'),
(NULL, 'AT-706', 'BETH FRANKLIN', 199, 'Agile Team Member (ATM)'),
(NULL, 'AT-706', 'GEORGIA JACOBS', 231, 'Agile Team Member (ATM)'),
(NULL, 'AT-706', 'HILDA HOPKINS', 263, 'Agile Team Member (ATM)'),
(NULL, 'AT-706', 'DAISY BATES', 295, 'Agile Team Member (ATM)'),
(NULL, 'AT-706', 'LARRY THRASHER', 327, 'Agile Team Member (ATM)'),
(NULL, 'AT-706', 'WILLIE MARKHAM', 359, 'Agile Team Member (ATM)'),
(NULL, 'AT-706', 'CLARENCE GAMEZ', 391, 'Agile Team Member (ATM)'),
(NULL, 'AT-706', 'ALFRED CASILLAS', 423, 'Agile Team Member (ATM)'),
(NULL, 'AT-706', 'JON WILES', 455, 'Agile Team Member (ATM)'),
(NULL, 'AT-706', 'HECTOR POINDEXTER', 487, 'Agile Team Member (ATM)'),
(NULL, 'AT-706', 'RON DELUCA', 519, 'Agile Team Member (ATM)'),
(NULL, 'AT-706', 'CLAYTON BARBEE', 551, 'Agile Team Member (ATM)'),
(NULL, 'AT-706', 'MARSHALL THORN', 583, 'Agile Team Member (ATM)'),
(NULL, 'AT-707', 'SUSAN WILSON', 8, 'Scrum Master (SM)'),
(NULL, 'AT-707', 'AMANDA CARTER', 40, 'Product Owner (PO)'),
(NULL, 'AT-707', 'THERESA WATSON', 72, 'Agile Team Member (ATM)'),
(NULL, 'AT-707', 'RITA GRAHAM', 104, 'Agile Team Member (ATM)'),
(NULL, 'AT-707', 'ANITA MORALES', 136, 'Agile Team Member (ATM)'),
(NULL, 'AT-707', 'REGINA BERRY', 168, 'Agile Team Member (ATM)'),
(NULL, 'AT-707', 'JEANNE LAWSON', 200, 'Agile Team Member (ATM)'),
(NULL, 'AT-707', 'CONSTANCE REID', 232, 'Agile Team Member (ATM)'),
(NULL, 'AT-707', 'GWENDOLYN MAY', 264, 'Agile Team Member (ATM)'),
(NULL, 'AT-707', 'RAMONA HALE', 296, 'Agile Team Member (ATM)'),
(NULL, 'AT-707', 'JEFFREY SPEAR', 328, 'Agile Team Member (ATM)'),
(NULL, 'AT-707', 'RALPH MADRIGAL', 360, 'Agile Team Member (ATM)'),
(NULL, 'AT-707', 'SEAN DOUGLASS', 392, 'Agile Team Member (ATM)'),
(NULL, 'AT-707', 'KYLE SPURLOCK', 424, 'Agile Team Member (ATM)'),
(NULL, 'AT-707', 'RONNIE RICKETTS', 456, 'Agile Team Member (ATM)'),
(NULL, 'AT-707', 'SHANE MILLARD', 488, 'Agile Team Member (ATM)'),
(NULL, 'AT-707', 'MITCHELL WESTMORELAND', 520, 'Agile Team Member (ATM)'),
(NULL, 'AT-707', 'HUGH WALDROP', 552, 'Agile Team Member (ATM)'),
(NULL, 'AT-707', 'SALVADOR TEEL', 584, 'Agile Team Member (ATM)'),
(NULL, 'AT-708', 'MARGARET MOORE', 9, 'Scrum Master (SM)'),
(NULL, 'AT-708', 'STEPHANIE MITCHELL', 41, 'Product Owner (PO)'),
(NULL, 'AT-708', 'BEVERLY BROOKS', 73, 'Agile Team Member (ATM)'),
(NULL, 'AT-708', 'DAWN SULLIVAN', 105, 'Agile Team Member (ATM)'),
(NULL, 'AT-708', 'RHONDA KENNEDY', 137, 'Agile Team Member (ATM)'),
(NULL, 'AT-708', 'ERICA MATTHEWS', 169, 'Agile Team Member (ATM)'),
(NULL, 'AT-708', 'VICKI FIELDS', 201, 'Agile Team Member (ATM)'),
(NULL, 'AT-708', 'LILLIE KIM', 233, 'Agile Team Member (ATM)'),
(NULL, 'AT-708', 'JENNIE TERRY', 265, 'Agile Team Member (ATM)'),
(NULL, 'AT-708', 'SHERRI RHODES', 297, 'Agile Team Member (ATM)'),
(NULL, 'AT-708', 'FRANK WAGGONER', 329, 'Agile Team Member (ATM)'),
(NULL, 'AT-708', 'LAWRENCE LAWTON', 361, 'Agile Team Member (ATM)'),
(NULL, 'AT-708', 'PHILIP CAUSEY', 393, 'Agile Team Member (ATM)'),
(NULL, 'AT-708', 'FRANCIS SIKES', 425, 'Agile Team Member (ATM)'),
(NULL, 'AT-708', 'BILL GAVIN', 457, 'Agile Team Member (ATM)'),
(NULL, 'AT-708', 'RICARDO MEADOR', 489, 'Agile Team Member (ATM)'),
(NULL, 'AT-708', 'ROLAND SOUTH', 521, 'Agile Team Member (ATM)'),
(NULL, 'AT-708', 'MAX PITT', 553, 'Agile Team Member (ATM)'),
(NULL, 'AT-708', 'PERRY SWAFFORD', 585, 'Agile Team Member (ATM)'),
(NULL, 'AT-709', 'DOROTHY TAYLOR', 10, 'Scrum Master (SM)'),
(NULL, 'AT-709', 'CAROLYN PEREZ', 42, 'Product Owner (PO)'),
(NULL, 'AT-709', 'DENISE KELLY', 74, 'Agile Team Member (ATM)'),
(NULL, 'AT-709', 'CONNIE WALLACE', 106, 'Agile Team Member (ATM)'),
(NULL, 'AT-709', 'HAZEL WARREN', 138, 'Agile Team Member (ATM)'),
(NULL, 'AT-709', 'BEATRICE ARNOLD', 170, 'Agile Team Member (ATM)'),
(NULL, 'AT-709', 'CARLA GUTIERREZ', 202, 'Agile Team Member (ATM)'),
(NULL, 'AT-709', 'CLAUDIA FULLER', 234, 'Agile Team Member (ATM)'),
(NULL, 'AT-709', 'NORA HERRERA', 266, 'Agile Team Member (ATM)'),
(NULL, 'AT-709', 'ERIKA PENA', 298, 'Agile Team Member (ATM)'),
(NULL, 'AT-709', 'SCOTT SHELLEY', 330, 'Agile Team Member (ATM)'),
(NULL, 'AT-709', 'NICHOLAS BARFIELD', 362, 'Agile Team Member (ATM)'),
(NULL, 'AT-709', 'CHRIS BROTHERS', 394, 'Agile Team Member (ATM)'),
(NULL, 'AT-709', 'BRADLEY MOTLEY', 426, 'Agile Team Member (ATM)'),
(NULL, 'AT-709', 'LLOYD DOWD', 458, 'Agile Team Member (ATM)'),
(NULL, 'AT-709', 'SAM MCDUFFIE', 490, 'Agile Team Member (ATM)'),
(NULL, 'AT-709', 'ARNOLD HAVENS', 522, 'Agile Team Member (ATM)'),
(NULL, 'AT-709', 'DWAYNE OLVERA', 554, 'Agile Team Member (ATM)'),
(NULL, 'AT-709', 'KIRK STCLAIR', 586, 'Agile Team Member (ATM)'),
(NULL, 'AT-710', 'LISA ANDERSON', 11, 'Scrum Master (SM)'),
(NULL, 'AT-710', 'CHRISTINE ROBERTS', 43, 'Product Owner (PO)'),
(NULL, 'AT-710', 'TAMMY SANDERS', 75, 'Agile Team Member (ATM)'),
(NULL, 'AT-710', 'FLORENCE WOODS', 107, 'Agile Team Member (ATM)'),
(NULL, 'AT-710', 'AMBER DIXON', 139, 'Agile Team Member (ATM)'),
(NULL, 'AT-710', 'DOLORES WAGNER', 171, 'Agile Team Member (ATM)'),
(NULL, 'AT-710', 'TARA RYAN', 203, 'Agile Team Member (ATM)'),
(NULL, 'AT-710', 'JACKIE LYNCH', 235, 'Agile Team Member (ATM)'),
(NULL, 'AT-710', 'MARGIE WADE', 267, 'Agile Team Member (ATM)'),
(NULL, 'AT-710', 'JAMES GANNON', 299, 'Agile Team Member (ATM)'),
(NULL, 'AT-710', 'ERIC ROBERT', 331, 'Agile Team Member (ATM)'),
(NULL, 'AT-710', 'ROY WHITING', 363, 'Agile Team Member (ATM)'),
(NULL, 'AT-710', 'JOHNNY TURPIN', 395, 'Agile Team Member (ATM)'),
(NULL, 'AT-710', 'JESUS MCCARTNEY', 427, 'Agile Team Member (ATM)'),
(NULL, 'AT-710', 'TOMMY COLLAZO', 459, 'Agile Team Member (ATM)'),
(NULL, 'AT-710', 'RICK MATTOX', 491, 'Agile Team Member (ATM)'),
(NULL, 'AT-710', 'HARVEY GUAJARDO', 523, 'Agile Team Member (ATM)'),
(NULL, 'AT-710', 'DWIGHT LOMBARDI', 555, 'Agile Team Member (ATM)'),
(NULL, 'AT-710', 'SERGIO STANFIELD', 587, 'Agile Team Member (ATM)'),
(NULL, 'AT-800', 'NANCY THOMAS', 12, 'Scrum Master (SM)'),
(NULL, 'AT-800', 'MARIE TURNER', 44, 'Product Owner (PO)'),
(NULL, 'AT-800', 'IRENE PRICE', 76, 'Agile Team Member (ATM)'),
(NULL, 'AT-800', 'TRACY COLE', 108, 'Agile Team Member (ATM)'),
(NULL, 'AT-800', 'EVA RAMOS', 140, 'Agile Team Member (ATM)'),
(NULL, 'AT-800', 'BERNICE WILLIS', 172, 'Agile Team Member (ATM)'),
(NULL, 'AT-800', 'ROSEMARY SCHMIDT', 204, 'Agile Team Member (ATM)'),
(NULL, 'AT-800', 'MARCIA DEAN', 236, 'Agile Team Member (ATM)'),
(NULL, 'AT-800', 'NINA SOTO', 268, 'Agile Team Member (ATM)'),
(NULL, 'AT-800', 'JOHN FARNSWORTH', 300, 'Agile Team Member (ATM)'),
(NULL, 'AT-800', 'STEPHEN QUALLS', 332, 'Agile Team Member (ATM)'),
(NULL, 'AT-800', 'BENJAMIN VARNEY', 364, 'Agile Team Member (ATM)'),
(NULL, 'AT-800', 'EARL SHANKS', 396, 'Agile Team Member (ATM)'),
(NULL, 'AT-800', 'HERBERT KRUGER', 428, 'Agile Team Member (ATM)'),
(NULL, 'AT-800', 'LEON BOSTIC', 460, 'Agile Team Member (ATM)'),
(NULL, 'AT-800', 'LESTER KRAUS', 492, 'Agile Team Member (ATM)'),
(NULL, 'AT-800', 'JARED ELY', 524, 'Agile Team Member (ATM)'),
(NULL, 'AT-800', 'ARMANDO GRUBER', 556, 'Agile Team Member (ATM)'),
(NULL, 'AT-800', 'MARION OCAMPO', 588, 'Agile Team Member (ATM)'),
(NULL, 'AT-801', 'KAREN JACKSON', 13, 'Scrum Master (SM)'),
(NULL, 'AT-801', 'JANET PHILLIPS', 45, 'Product Owner (PO)'),
(NULL, 'AT-801', 'JANE BENNETT', 77, 'Agile Team Member (ATM)'),
(NULL, 'AT-801', 'EDNA WEST', 109, 'Agile Team Member (ATM)'),
(NULL, 'AT-801', 'DEBBIE REYES', 141, 'Agile Team Member (ATM)'),
(NULL, 'AT-801', 'AUDREY RAY', 173, 'Agile Team Member (ATM)'),
(NULL, 'AT-801', 'EILEEN CARR', 205, 'Agile Team Member (ATM)'),
(NULL, 'AT-801', 'TANYA GILBERT', 237, 'Agile Team Member (ATM)'),
(NULL, 'AT-801', 'CASSANDRA WALTERS', 269, 'Agile Team Member (ATM)'),
(NULL, 'AT-801', 'ROBERT BAUGHMAN', 301, 'Agile Team Member (ATM)'),
(NULL, 'AT-801', 'ANDREW PURDY', 333, 'Agile Team Member (ATM)'),
(NULL, 'AT-801', 'BRUCE SCHWARZ', 365, 'Agile Team Member (ATM)'),
(NULL, 'AT-801', 'JIMMY SCHRADER', 397, 'Agile Team Member (ATM)'),
(NULL, 'AT-801', 'FREDERICK ISBELL', 429, 'Agile Team Member (ATM)'),
(NULL, 'AT-801', 'DEREK BLAKELY', 461, 'Agile Team Member (ATM)'),
(NULL, 'AT-801', 'BRENT HARKINS', 493, 'Agile Team Member (ATM)'),
(NULL, 'AT-801', 'ADRIAN CLARY', 525, 'Agile Team Member (ATM)'),
(NULL, 'AT-801', 'FELIX GAFFNEY', 557, 'Agile Team Member (ATM)'),
(NULL, 'AT-801', 'TRACY HERRMANN', 589, 'Agile Team Member (ATM)'),
(NULL, 'AT-802', 'BETTY WHITE', 14, 'Scrum Master (SM)'),
(NULL, 'AT-802', 'CATHERINE CAMPBELL', 46, 'Product Owner (PO)'),
(NULL, 'AT-802', 'LORI WOOD', 78, 'Agile Team Member (ATM)'),
(NULL, 'AT-802', 'TIFFANY JORDAN', 110, 'Agile Team Member (ATM)'),
(NULL, 'AT-802', 'APRIL BURNS', 142, 'Agile Team Member (ATM)'),
(NULL, 'AT-802', 'YVONNE WATKINS', 174, 'Agile Team Member (ATM)'),
(NULL, 'AT-802', 'TERRI VASQUEZ', 206, 'Agile Team Member (ATM)'),
(NULL, 'AT-802', 'NELLIE GARRETT', 238, 'Agile Team Member (ATM)'),
(NULL, 'AT-802', 'LEAH CURTIS', 270, 'Agile Team Member (ATM)'),
(NULL, 'AT-802', 'MICHAEL SILVERMAN', 302, 'Agile Team Member (ATM)'),
(NULL, 'AT-802', 'RAYMOND MCWHORTER', 334, 'Agile Team Member (ATM)'),
(NULL, 'AT-802', 'BRANDON HUEY', 366, 'Agile Team Member (ATM)'),
(NULL, 'AT-802', 'ANTONIO MEEK', 398, 'Agile Team Member (ATM)'),
(NULL, 'AT-802', 'RAY HOULE', 430, 'Agile Team Member (ATM)'),
(NULL, 'AT-802', 'WARREN SHERROD', 462, 'Agile Team Member (ATM)'),
(NULL, 'AT-802', 'RAMON CHOATE', 494, 'Agile Team Member (ATM)'),
(NULL, 'AT-802', 'KARL SEAL', 526, 'Agile Team Member (ATM)'),
(NULL, 'AT-802', 'JIMMIE EGGLESTON', 558, 'Agile Team Member (ATM)'),
(NULL, 'AT-802', 'SETH HANNON', 590, 'Agile Team Member (ATM)'),
(NULL, 'AT-803', 'HELEN HARRIS', 15, 'Scrum Master (SM)'),
(NULL, 'AT-803', 'FRANCES PARKER', 47, 'Product Owner (PO)'),
(NULL, 'AT-803', 'RACHEL BARNES', 79, 'Agile Team Member (ATM)'),
(NULL, 'AT-803', 'CARMEN OWENS', 111, 'Agile Team Member (ATM)'),
(NULL, 'AT-803', 'LESLIE GORDON', 143, 'Agile Team Member (ATM)'),
(NULL, 'AT-803', 'ANNETTE OLSON', 175, 'Agile Team Member (ATM)'),
(NULL, 'AT-803', 'GERTRUDE CASTILLO', 207, 'Agile Team Member (ATM)'),
(NULL, 'AT-803', 'MINNIE ROMERO', 239, 'Agile Team Member (ATM)'),
(NULL, 'AT-803', 'PENNY NEAL', 271, 'Agile Team Member (ATM)'),
(NULL, 'AT-803', 'WILLIAM SATTERFIELD', 303, 'Agile Team Member (ATM)'),
(NULL, 'AT-803', 'GREGORY MAULDIN', 335, 'Agile Team Member (ATM)'),
(NULL, 'AT-803', 'ADAM GOOCH', 367, 'Agile Team Member (ATM)'),
(NULL, 'AT-803', 'DANNY ISOM', 399, 'Agile Team Member (ATM)'),
(NULL, 'AT-803', 'JOEL FRANCISCO', 431, 'Agile Team Member (ATM)'),
(NULL, 'AT-803', 'DARRELL POWER', 463, 'Agile Team Member (ATM)'),
(NULL, 'AT-803', 'CHARLIE BESS', 495, 'Agile Team Member (ATM)'),
(NULL, 'AT-803', 'CORY MEEHAN', 527, 'Agile Team Member (ATM)'),
(NULL, 'AT-803', 'EVERETT BANDA', 559, 'Agile Team Member (ATM)'),
(NULL, 'AT-803', 'KENT ARSENAULT', 591, 'Agile Team Member (ATM)'),
(NULL, 'AT-804', 'SANDRA MARTIN', 16, 'Scrum Master (SM)'),
(NULL, 'AT-804', 'ANN EVANS', 48, 'Product Owner (PO)'),
(NULL, 'AT-804', 'MARILYN ROSS', 80, 'Agile Team Member (ATM)'),
(NULL, 'AT-804', 'ROSA REYNOLDS', 112, 'Agile Team Member (ATM)'),
(NULL, 'AT-804', 'CLARA SHAW', 144, 'Agile Team Member (ATM)'),
(NULL, 'AT-804', 'JUNE CARROLL', 176, 'Agile Team Member (ATM)'),
(NULL, 'AT-804', 'LUCY WHEELER', 208, 'Agile Team Member (ATM)'),
(NULL, 'AT-804', 'MARLENE WELCH', 240, 'Agile Team Member (ATM)'),
(NULL, 'AT-804', 'KAY CALDWELL', 272, 'Agile Team Member (ATM)'),
(NULL, 'AT-804', 'DAVID ROYAL', 304, 'Agile Team Member (ATM)'),
(NULL, 'AT-804', 'JOSHUA MARK', 336, 'Agile Team Member (ATM)'),
(NULL, 'AT-804', 'HARRY ARCE', 368, 'Agile Team Member (ATM)'),
(NULL, 'AT-804', 'BRYAN HARDISON', 400, 'Agile Team Member (ATM)'),
(NULL, 'AT-804', 'EDWIN BURK', 432, 'Agile Team Member (ATM)'),
(NULL, 'AT-804', 'JEROME KENYON', 464, 'Agile Team Member (ATM)'),
(NULL, 'AT-804', 'TYLER WREN', 496, 'Agile Team Member (ATM)'),
(NULL, 'AT-804', 'CLAUDE HERZOG', 528, 'Agile Team Member (ATM)'),
(NULL, 'AT-804', 'JORDAN ARCHULETA', 560, 'Agile Team Member (ATM)'),
(NULL, 'AT-804', 'TERRANCE ROUSH', 592, 'Agile Team Member (ATM)'),
(NULL, 'AT-805', 'DONNA THOMPSON', 17, 'Scrum Master (SM)'),
(NULL, 'AT-805', 'JOYCE EDWARDS', 49, 'Product Owner (PO)'),
(NULL, 'AT-805', 'ANDREA HENDERSON', 81, 'Agile Team Member (ATM)'),
(NULL, 'AT-805', 'CINDY FISHER', 113, 'Agile Team Member (ATM)'),
(NULL, 'AT-805', 'LUCILLE HOLMES', 145, 'Agile Team Member (ATM)'),
(NULL, 'AT-805', 'SAMANTHA DUNCAN', 177, 'Agile Team Member (ATM)'),
(NULL, 'AT-805', 'TONYA CHAPMAN', 209, 'Agile Team Member (ATM)'),
(NULL, 'AT-805', 'HEIDI LARSON', 241, 'Agile Team Member (ATM)'),
(NULL, 'AT-805', 'PRISCILLA LOWE', 273, 'Agile Team Member (ATM)'),
(NULL, 'AT-805', 'RICHARD MCCRARY', 305, 'Agile Team Member (ATM)'),
(NULL, 'AT-805', 'JERRY JORDON', 337, 'Agile Team Member (ATM)'),
(NULL, 'AT-805', 'FRED WHEAT', 369, 'Agile Team Member (ATM)'),
(NULL, 'AT-805', 'TONY CARRANZA', 401, 'Agile Team Member (ATM)'),
(NULL, 'AT-805', 'DON BONE', 433, 'Agile Team Member (ATM)'),
(NULL, 'AT-805', 'FLOYD GANDY', 465, 'Agile Team Member (ATM)'),
(NULL, 'AT-805', 'GILBERT SLEDGE', 497, 'Agile Team Member (ATM)'),
(NULL, 'AT-805', 'ERIK GUILLEN', 529, 'Agile Team Member (ATM)'),
(NULL, 'AT-805', 'IAN STILL', 561, 'Agile Team Member (ATM)'),
(NULL, 'AT-805', 'RENE MCALISTER', 593, 'Agile Team Member (ATM)'),
(NULL, 'AT-806', 'CAROL GARCIA', 18, 'Scrum Master (SM)'),
(NULL, 'AT-806', 'DIANE COLLINS', 50, 'Product Owner (PO)'),
(NULL, 'AT-806', 'KATHRYN COLEMAN', 82, 'Agile Team Member (ATM)'),
(NULL, 'AT-806', 'GRACE ELLIS', 114, 'Agile Team Member (ATM)'),
(NULL, 'AT-806', 'JAMIE RICE', 146, 'Agile Team Member (ATM)'),
(NULL, 'AT-806', 'MARION SNYDER', 178, 'Agile Team Member (ATM)'),
(NULL, 'AT-806', 'ELLA OLIVER', 210, 'Agile Team Member (ATM)'),
(NULL, 'AT-806', 'GLENDA FRAZIER', 242, 'Agile Team Member (ATM)'),
(NULL, 'AT-806', 'NAOMI JENNINGS', 274, 'Agile Team Member (ATM)'),
(NULL, 'AT-806', 'CHARLES KOWALSKI', 306, 'Agile Team Member (ATM)'),
(NULL, 'AT-806', 'DENNIS GILMAN', 338, 'Agile Team Member (ATM)'),
(NULL, 'AT-806', 'WAYNE TRUONG', 370, 'Agile Team Member (ATM)'),
(NULL, 'AT-806', 'LUIS YANEZ', 402, 'Agile Team Member (ATM)'),
(NULL, 'AT-806', 'EDDIE TOMLIN', 434, 'Agile Team Member (ATM)'),
(NULL, 'AT-806', 'LEO EBERT', 466, 'Agile Team Member (ATM)'),
(NULL, 'AT-806', 'GENE SANBORN', 498, 'Agile Team Member (ATM)'),
(NULL, 'AT-806', 'DARRYL ASHCRAFT', 530, 'Agile Team Member (ATM)'),
(NULL, 'AT-806', 'WALLACE SLONE', 562, 'Agile Team Member (ATM)'),
(NULL, 'AT-806', 'EDUARDO HIATT', 594, 'Agile Team Member (ATM)'),
(NULL, 'AT-807', 'RUTH MARTINEZ', 19, 'Scrum Master (SM)'),
(NULL, 'AT-807', 'ALICE STEWART', 51, 'Product Owner (PO)'),
(NULL, 'AT-807', 'LOUISE JENKINS', 83, 'Agile Team Member (ATM)'),
(NULL, 'AT-807', 'WENDY HARRISON', 115, 'Agile Team Member (ATM)'),
(NULL, 'AT-807', 'JOANNE ROBERTSON', 147, 'Agile Team Member (ATM)'),
(NULL, 'AT-807', 'DANA HART', 179, 'Agile Team Member (ATM)'),
(NULL, 'AT-807', 'STACEY MONTGOMERY', 211, 'Agile Team Member (ATM)'),
(NULL, 'AT-807', 'LYDIA BURKE', 243, 'Agile Team Member (ATM)'),
(NULL, 'AT-807', 'CAROLE BARNETT', 275, 'Agile Team Member (ATM)'),
(NULL, 'AT-807', 'JOSEPH JOY', 307, 'Agile Team Member (ATM)'),
(NULL, 'AT-807', 'WALTER PERRYMAN', 339, 'Agile Team Member (ATM)'),
(NULL, 'AT-807', 'BILLY POULIN', 371, 'Agile Team Member (ATM)'),
(NULL, 'AT-807', 'MIKE WAY', 403, 'Agile Team Member (ATM)'),
(NULL, 'AT-807', 'RICKY SHELBY', 435, 'Agile Team Member (ATM)'),
(NULL, 'AT-807', 'ALVIN DELOACH', 467, 'Agile Team Member (ATM)'),
(NULL, 'AT-807', 'MARC OUTLAW', 499, 'Agile Team Member (ATM)'),
(NULL, 'AT-807', 'JAMIE WAUGH', 531, 'Agile Team Member (ATM)'),
(NULL, 'AT-807', 'KEN PREWITT', 563, 'Agile Team Member (ATM)'),
(NULL, 'AT-807', 'TERRENCE GUNDERSON', 595, 'Agile Team Member (ATM)'),
(NULL, 'AT-808', 'SHARON ROBINSON', 20, 'Scrum Master (SM)'),
(NULL, 'AT-808', 'JULIE SANCHEZ', 52, 'Product Owner (PO)'),
(NULL, 'AT-808', 'SARA PERRY', 84, 'Agile Team Member (ATM)'),
(NULL, 'AT-808', 'VICTORIA GIBSON', 116, 'Agile Team Member (ATM)'),
(NULL, 'AT-808', 'ELEANOR HUNT', 148, 'Agile Team Member (ATM)'),
(NULL, 'AT-808', 'STACY CUNNINGHAM', 180, 'Agile Team Member (ATM)'),
(NULL, 'AT-808', 'WILMA RICHARDS', 212, 'Agile Team Member (ATM)'),
(NULL, 'AT-808', 'VIOLA HANSON', 244, 'Agile Team Member (ATM)'),
(NULL, 'AT-808', 'BRANDY GRAVES', 276, 'Agile Team Member (ATM)'),
(NULL, 'AT-808', 'THOMAS GRIGSBY', 308, 'Agile Team Member (ATM)'),
(NULL, 'AT-808', 'PATRICK NEWSOM', 340, 'Agile Team Member (ATM)'),
(NULL, 'AT-808', 'STEVE MACKENZIE', 372, 'Agile Team Member (ATM)'),
(NULL, 'AT-808', 'STANLEY SCROGGINS', 404, 'Agile Team Member (ATM)'),
(NULL, 'AT-808', 'TROY QUIGLEY', 436, 'Agile Team Member (ATM)'),
(NULL, 'AT-808', 'TIM CARY', 468, 'Agile Team Member (ATM)'),
(NULL, 'AT-808', 'REGINALD KINDER', 500, 'Agile Team Member (ATM)'),
(NULL, 'AT-808', 'NEIL RENNER', 532, 'Agile Team Member (ATM)'),
(NULL, 'AT-808', 'BOB PFEIFFER', 564, 'Agile Team Member (ATM)'),
(NULL, 'AT-808', 'ENRIQUE FORSYTHE', 596, 'Agile Team Member (ATM)'),
(NULL, 'AT-809', 'MICHELLE CLARK', 21, 'Scrum Master (SM)'),
(NULL, 'AT-809', 'HEATHER MORRIS', 53, 'Product Owner (PO)'),
(NULL, 'AT-809', 'ANNE POWELL', 85, 'Agile Team Member (ATM)'),
(NULL, 'AT-809', 'EDITH MCDONALD', 117, 'Agile Team Member (ATM)'),
(NULL, 'AT-809', 'VALERIE BLACK', 149, 'Agile Team Member (ATM)'),
(NULL, 'AT-809', 'ANA BRADLEY', 181, 'Agile Team Member (ATM)'),
(NULL, 'AT-809', 'GINA WILLIAMSON', 213, 'Agile Team Member (ATM)'),
(NULL, 'AT-809', 'COURTNEY DAY', 245, 'Agile Team Member (ATM)'),
(NULL, 'AT-809', 'OLGA JIMENEZ', 277, 'Agile Team Member (ATM)'),
(NULL, 'AT-809', 'CHRISTOPHER GRECO', 309, 'Agile Team Member (ATM)'),
(NULL, 'AT-809', 'PETER MENARD', 341, 'Agile Team Member (ATM)'),
(NULL, 'AT-809', 'LOUIS LEONE', 373, 'Agile Team Member (ATM)'),
(NULL, 'AT-809', 'LEONARD SCHOFIELD', 405, 'Agile Team Member (ATM)'),
(NULL, 'AT-809', 'RANDALL NEUMANN', 437, 'Agile Team Member (ATM)'),
(NULL, 'AT-809', 'WESLEY BULL', 469, 'Agile Team Member (ATM)'),
(NULL, 'AT-809', 'RUBEN GEARY', 501, 'Agile Team Member (ATM)'),
(NULL, 'AT-809', 'JESSIE MILAM', 533, 'Agile Team Member (ATM)'),
(NULL, 'AT-809', 'JAIME NETTLES', 565, 'Agile Team Member (ATM)'),
(NULL, 'AT-809', 'FREDDIE DUGGAN', 597, 'Agile Team Member (ATM)'),
(NULL, 'AT-810', 'LAURA RODRIGUEZ', 22, 'Scrum Master (SM)'),
(NULL, 'AT-810', 'TERESA ROGERS', 54, 'Product Owner (PO)'),
(NULL, 'AT-810', 'JACQUELINE LONG', 86, 'Agile Team Member (ATM)'),
(NULL, 'AT-810', 'KIM CRUZ', 118, 'Agile Team Member (ATM)'),
(NULL, 'AT-810', 'DANIELLE DANIELS', 150, 'Agile Team Member (ATM)'),
(NULL, 'AT-810', 'RENEE LANE', 182, 'Agile Team Member (ATM)'),
(NULL, 'AT-810', 'KRISTIN JOHNSTON', 214, 'Agile Team Member (ATM)'),
(NULL, 'AT-810', 'MARIAN MENDOZA', 246, 'Agile Team Member (ATM)'),
(NULL, 'AT-810', 'BILLIE HORTON', 278, 'Agile Team Member (ATM)'),
(NULL, 'AT-810', 'DANIEL CABRAL', 310, 'Agile Team Member (ATM)'),
(NULL, 'AT-810', 'HAROLD MARTINO', 342, 'Agile Team Member (ATM)'),
(NULL, 'AT-810', 'JEREMY HURTADO', 374, 'Agile Team Member (ATM)'),
(NULL, 'AT-810', 'NATHAN RUNYON', 406, 'Agile Team Member (ATM)'),
(NULL, 'AT-810', 'BARRY LOVELACE', 438, 'Agile Team Member (ATM)'),
(NULL, 'AT-810', 'GORDON ALLARD', 470, 'Agile Team Member (ATM)'),
(NULL, 'AT-810', 'BRETT CORNWELL', 502, 'Agile Team Member (ATM)'),
(NULL, 'AT-810', 'CHRISTIAN JUNG', 534, 'Agile Team Member (ATM)'),
(NULL, 'AT-810', 'CASEY MENA', 566, 'Agile Team Member (ATM)'),
(NULL, 'AT-810', 'WADE DELVALLE', 598, 'Agile Team Member (ATM)'),
(NULL, 'AT-abc1', 'SARAH LEWIS', 23, 'Scrum Master (SM)'),
(NULL, 'AT-abc1', 'DORIS REED', 55, 'Product Owner (PO)'),
(NULL, 'AT-abc1', 'WANDA PATTERSON', 87, 'Agile Team Member (ATM)'),
(NULL, 'AT-abc1', 'SHERRY MARSHALL', 119, 'Agile Team Member (ATM)'),
(NULL, 'AT-abc1', 'MEGAN PALMER', 151, 'Agile Team Member (ATM)'),
(NULL, 'AT-abc1', 'IDA ANDREWS', 183, 'Agile Team Member (ATM)'),
(NULL, 'AT-abc1', 'JESSIE BANKS', 215, 'Agile Team Member (ATM)'),
(NULL, 'AT-abc1', 'STELLA MORENO', 247, 'Agile Team Member (ATM)'),
(NULL, 'AT-abc1', 'DIANNE SHELTON', 279, 'Agile Team Member (ATM)'),
(NULL, 'AT-abc1', 'PAUL TROUT', 311, 'Agile Team Member (ATM)'),
(NULL, 'AT-abc1', 'DOUGLAS GRAF', 343, 'Agile Team Member (ATM)'),
(NULL, 'AT-abc1', 'AARON SELBY', 375, 'Agile Team Member (ATM)'),
(NULL, 'AT-abc1', 'DALE RATCLIFF', 407, 'Agile Team Member (ATM)'),
(NULL, 'AT-abc1', 'ALEXANDER FENNELL', 439, 'Agile Team Member (ATM)'),
(NULL, 'AT-abc1', 'DEAN SAUER', 471, 'Agile Team Member (ATM)'),
(NULL, 'AT-abc1', 'ANGEL BARCLAY', 503, 'Agile Team Member (ATM)'),
(NULL, 'AT-abc1', 'JAVIER ELROD', 535, 'Agile Team Member (ATM)'),
(NULL, 'AT-abc1', 'ALFREDO MCADAMS', 567, 'Agile Team Member (ATM)'),
(NULL, 'AT-abc1', 'AUSTIN CINTRON', 599, 'Agile Team Member (ATM)'),
(NULL, 'AT-abc10', 'KIMBERLY LEE', 24, 'Scrum Master (SM)'),
(NULL, 'AT-abc10', 'GLORIA COOK', 56, 'Product Owner (PO)'),
(NULL, 'AT-abc10', 'BONNIE HUGHES', 88, 'Agile Team Member (ATM)'),
(NULL, 'AT-abc10', 'SYLVIA ORTIZ', 120, 'Agile Team Member (ATM)'),
(NULL, 'AT-abc10', 'ALICIA MILLS', 152, 'Agile Team Member (ATM)'),
(NULL, 'AT-abc10', 'VIVIAN RUIZ', 184, 'Agile Team Member (ATM)'),
(NULL, 'AT-abc10', 'NATALIE MEYER', 216, 'Agile Team Member (ATM)'),
(NULL, 'AT-abc10', 'CAROLINE BOWMAN', 248, 'Agile Team Member (ATM)'),
(NULL, 'AT-abc10', 'TRACEY BARRETT', 280, 'Agile Team Member (ATM)'),
(NULL, 'AT-abc10', 'MARK RINEHART', 312, 'Agile Team Member (ATM)'),
(NULL, 'AT-abc10', 'HENRY BILLINGSLEY', 344, 'Agile Team Member (ATM)'),
(NULL, 'AT-abc10', 'RANDY GAITHER', 376, 'Agile Team Member (ATM)'),
(NULL, 'AT-abc10', 'MANUEL MURRELL', 408, 'Agile Team Member (ATM)'),
(NULL, 'AT-abc10', 'BERNARD COLBY', 440, 'Agile Team Member (ATM)'),
(NULL, 'AT-abc10', 'GREG ROBINS', 472, 'Agile Team Member (ATM)'),
(NULL, 'AT-abc10', 'NATHANIEL ADAM', 504, 'Agile Team Member (ATM)'),
(NULL, 'AT-abc10', 'FERNANDO CHURCHILL', 536, 'Agile Team Member (ATM)'),
(NULL, 'AT-abc10', 'ALBERTO HENNING', 568, 'Agile Team Member (ATM)'),
(NULL, 'AT-abc2', 'DEBORAH WALKER', 25, 'Scrum Master (SM)'),
(NULL, 'AT-abc2', 'EVELYN MORGAN', 57, 'Product Owner (PO)'),
(NULL, 'AT-abc2', 'JULIA FLORES', 89, 'Agile Team Member (ATM)'),
(NULL, 'AT-abc2', 'JOSEPHINE GOMEZ', 121, 'Agile Team Member (ATM)'),
(NULL, 'AT-abc2', 'SUZANNE NICHOLS', 153, 'Agile Team Member (ATM)'),
(NULL, 'AT-abc2', 'ROBERTA HARPER', 185, 'Agile Team Member (ATM)'),
(NULL, 'AT-abc2', 'AGNES BISHOP', 217, 'Agile Team Member (ATM)'),
(NULL, 'AT-abc2', 'DORA MEDINA', 249, 'Agile Team Member (ATM)'),
(NULL, 'AT-abc2', 'LEONA OBRIEN', 281, 'Agile Team Member (ATM)'),
(NULL, 'AT-abc2', 'DONALD MAHON', 313, 'Agile Team Member (ATM)'),
(NULL, 'AT-abc2', 'CARL ARTIS', 345, 'Agile Team Member (ATM)'),
(NULL, 'AT-abc2', 'HOWARD FORTNER', 377, 'Agile Team Member (ATM)'),
(NULL, 'AT-abc2', 'RODNEY MOELLER', 409, 'Agile Team Member (ATM)'),
(NULL, 'AT-abc2', 'MARIO CHEATHAM', 441, 'Agile Team Member (ATM)'),
(NULL, 'AT-abc2', 'JORGE OLIVARES', 473, 'Agile Team Member (ATM)'),
(NULL, 'AT-abc2', 'RAFAEL ABNEY', 505, 'Agile Team Member (ATM)'),
(NULL, 'AT-abc2', 'CLINTON BUFORD', 537, 'Agile Team Member (ATM)'),
(NULL, 'AT-abc2', 'DAVE GARDINER', 569, 'Agile Team Member (ATM)'),
(NULL, 'AT-abc3', 'JESSICA HALL', 26, 'Scrum Master (SM)'),
(NULL, 'AT-abc3', 'JEAN BELL', 58, 'Product Owner (PO)'),
(NULL, 'AT-abc3', 'RUBY WASHINGTON', 90, 'Agile Team Member (ATM)'),
(NULL, 'AT-abc3', 'THELMA MURRAY', 122, 'Agile Team Member (ATM)'),
(NULL, 'AT-abc3', 'MICHELE GRANT', 154, 'Agile Team Member (ATM)'),
(NULL, 'AT-abc3', 'HOLLY FOX', 186, 'Agile Team Member (ATM)'),
(NULL, 'AT-abc3', 'VERA MCCOY', 218, 'Agile Team Member (ATM)'),
(NULL, 'AT-abc3', 'JO FOWLER', 250, 'Agile Team Member (ATM)'),
(NULL, 'AT-abc3', 'JENNY CASTRO', 282, 'Agile Team Member (ATM)'),
(NULL, 'AT-abc3', 'GEORGE LINTON', 314, 'Agile Team Member (ATM)'),
(NULL, 'AT-abc3', 'ARTHUR SIMPKINS', 346, 'Agile Team Member (ATM)'),
(NULL, 'AT-abc3', 'EUGENE CULPEPPER', 378, 'Agile Team Member (ATM)'),
(NULL, 'AT-abc3', 'CURTIS IRBY', 410, 'Agile Team Member (ATM)'),
(NULL, 'AT-abc3', 'LEROY BUSTAMANTE', 442, 'Agile Team Member (ATM)'),
(NULL, 'AT-abc3', 'DUSTIN GILLETTE', 474, 'Agile Team Member (ATM)'),
(NULL, 'AT-abc3', 'LESLIE SEWARD', 506, 'Agile Team Member (ATM)'),
(NULL, 'AT-abc3', 'TED BREAUX', 538, 'Agile Team Member (ATM)'),
(NULL, 'AT-abc3', 'IVAN CROMWELL', 570, 'Agile Team Member (ATM)'),
(NULL, 'AT-abc4', 'SHIRLEY ALLEN', 27, 'Scrum Master (SM)'),
(NULL, 'AT-abc4', 'CHERYL MURPHY', 59, 'Product Owner (PO)'),
(NULL, 'AT-abc4', 'LOIS BUTLER', 91, 'Agile Team Member (ATM)'),
(NULL, 'AT-abc4', 'SHANNON FREEMAN', 123, 'Agile Team Member (ATM)'),
(NULL, 'AT-abc4', 'GAIL KNIGHT', 155, 'Agile Team Member (ATM)'),
(NULL, 'AT-abc4', 'BRITTANY RILEY', 187, 'Agile Team Member (ATM)'),
(NULL, 'AT-abc4', 'WILLIE HOWELL', 219, 'Agile Team Member (ATM)'),
(NULL, 'AT-abc4', 'VICKIE BREWER', 251, 'Agile Team Member (ATM)'),
(NULL, 'AT-abc4', 'FELICIA SUTTON', 283, 'Agile Team Member (ATM)'),
(NULL, 'AT-abc4', 'KENNETH GOODEN', 315, 'Agile Team Member (ATM)'),
(NULL, 'AT-abc4', 'RYAN SALISBURY', 347, 'Agile Team Member (ATM)'),
(NULL, 'AT-abc4', 'CARLOS COUGHLIN', 379, 'Agile Team Member (ATM)'),
(NULL, 'AT-abc4', 'NORMAN CURRIER', 411, 'Agile Team Member (ATM)'),
(NULL, 'AT-abc4', 'FRANCISCO SKIDMORE', 443, 'Agile Team Member (ATM)'),
(NULL, 'AT-abc4', 'PEDRO CHESTNUT', 475, 'Agile Team Member (ATM)'),
(NULL, 'AT-abc4', 'EDGAR RHOADS', 507, 'Agile Team Member (ATM)'),
(NULL, 'AT-abc4', 'MATHEW BOLIN', 539, 'Agile Team Member (ATM)'),
(NULL, 'AT-abc4', 'JOHNNIE CHISHOLM', 571, 'Agile Team Member (ATM)'),
(NULL, 'AT-abc5', 'CYNTHIA YOUNG', 28, 'Scrum Master (SM)'),
(NULL, 'AT-abc5', 'MILDRED BAILEY', 60, 'Product Owner (PO)'),
(NULL, 'AT-abc5', 'TINA SIMMONS', 92, 'Agile Team Member (ATM)'),
(NULL, 'AT-abc5', 'SHEILA WELLS', 124, 'Agile Team Member (ATM)'),
(NULL, 'AT-abc5', 'BERTHA FERGUSON', 156, 'Agile Team Member (ATM)'),
(NULL, 'AT-abc5', 'MELANIE ARMSTRONG', 188, 'Agile Team Member (ATM)'),
(NULL, 'AT-abc5', 'CHARLENE ALVAREZ', 220, 'Agile Team Member (ATM)'),
(NULL, 'AT-abc5', 'MATTIE HOFFMAN', 252, 'Agile Team Member (ATM)'),
(NULL, 'AT-abc5', 'SONIA GREGORY', 284, 'Agile Team Member (ATM)'),
(NULL, 'AT-abc5', 'STEVEN CURLEY', 316, 'Agile Team Member (ATM)'),
(NULL, 'AT-abc5', 'ROGER QUINTANILLA', 348, 'Agile Team Member (ATM)'),
(NULL, 'AT-abc5', 'RUSSELL BRINSON', 380, 'Agile Team Member (ATM)'),
(NULL, 'AT-abc5', 'ALLEN BUTTERFIELD', 412, 'Agile Team Member (ATM)'),
(NULL, 'AT-abc5', 'MARCUS HIDALGO', 444, 'Agile Team Member (ATM)'),
(NULL, 'AT-abc5', 'DERRICK BOURQUE', 476, 'Agile Team Member (ATM)'),
(NULL, 'AT-abc5', 'MILTON HOWLAND', 508, 'Agile Team Member (ATM)'),
(NULL, 'AT-abc5', 'TYRONE ASHER', 540, 'Agile Team Member (ATM)'),
(NULL, 'AT-abc5', 'SIDNEY BURLESON', 572, 'Agile Team Member (ATM)'),
(NULL, 'AT-abc6', 'ANGELA HERNANDEZ', 29, 'Scrum Master (SM)'),
(NULL, 'AT-abc6', 'KATHERINE RIVERA', 61, 'Product Owner (PO)'),
(NULL, 'AT-abc6', 'PHYLLIS FOSTER', 93, 'Agile Team Member (ATM)'),
(NULL, 'AT-abc6', 'ETHEL WEBB', 125, 'Agile Team Member (ATM)'),
(NULL, 'AT-abc6', 'DARLENE ROSE', 157, 'Agile Team Member (ATM)'),
(NULL, 'AT-abc6', 'LORETTA CARPENTER', 189, 'Agile Team Member (ATM)'),
(NULL, 'AT-abc6', 'BESSIE MORRISON', 221, 'Agile Team Member (ATM)'),
(NULL, 'AT-abc6', 'TERRY CARLSON', 253, 'Agile Team Member (ATM)'),
(NULL, 'AT-abc6', 'MIRIAM MCKINNEY', 285, 'Agile Team Member (ATM)'),
(NULL, 'AT-abc6', 'EDWARD BAUGH', 317, 'Agile Team Member (ATM)'),
(NULL, 'AT-abc6', 'JOE GILLILAND', 349, 'Agile Team Member (ATM)'),
(NULL, 'AT-abc6', 'BOBBY BOUDREAU', 381, 'Agile Team Member (ATM)'),
(NULL, 'AT-abc6', 'MARVIN YEE', 413, 'Agile Team Member (ATM)'),
(NULL, 'AT-abc6', 'MICHEAL FORMAN', 445, 'Agile Team Member (ATM)'),
(NULL, 'AT-abc6', 'DAN PAINE', 477, 'Agile Team Member (ATM)'),
(NULL, 'AT-abc6', 'RAUL FORTIER', 509, 'Agile Team Member (ATM)'),
(NULL, 'AT-abc6', 'DARREN WINDHAM', 541, 'Agile Team Member (ATM)'),
(NULL, 'AT-abc6', 'BYRON BOX', 573, 'Agile Team Member (ATM)'),
(NULL, 'AT-abc7', 'MELISSA KING', 30, 'Scrum Master (SM)'),
(NULL, 'AT-abc7', 'JOAN COOPER', 62, 'Product Owner (PO)'),
(NULL, 'AT-abc7', 'NORMA GONZALES', 94, 'Agile Team Member (ATM)'),
(NULL, 'AT-abc7', 'ELLEN SIMPSON', 126, 'Agile Team Member (ATM)'),
(NULL, 'AT-abc7', 'VERONICA STONE', 158, 'Agile Team Member (ATM)'),
(NULL, 'AT-abc7', 'YOLANDA WEAVER', 190, 'Agile Team Member (ATM)'),
(NULL, 'AT-abc7', 'DELORES HANSEN', 222, 'Agile Team Member (ATM)'),
(NULL, 'AT-abc7', 'MAXINE SILVA', 254, 'Agile Team Member (ATM)'),
(NULL, 'AT-abc7', 'VELMA LUCAS', 286, 'Agile Team Member (ATM)'),
(NULL, 'AT-abc7', 'BRIAN WYMAN', 318, 'Agile Team Member (ATM)'),
(NULL, 'AT-abc7', 'JUAN FRALEY', 350, 'Agile Team Member (ATM)'),
(NULL, 'AT-abc7', 'VICTOR BARKLEY', 382, 'Agile Team Member (ATM)'),
(NULL, 'AT-abc7', 'VINCENT RALSTON', 414, 'Agile Team Member (ATM)'),
(NULL, 'AT-abc7', 'THEODORE CULP', 446, 'Agile Team Member (ATM)'),
(NULL, 'AT-abc7', 'LEWIS LYMAN', 478, 'Agile Team Member (ATM)'),
(NULL, 'AT-abc7', 'BEN EASTER', 510, 'Agile Team Member (ATM)'),
(NULL, 'AT-abc7', 'LONNIE TIRADO', 542, 'Agile Team Member (ATM)'),
(NULL, 'AT-abc7', 'JULIAN VEST', 574, 'Agile Team Member (ATM)'),
(NULL, 'AT-abc8', 'BRENDA WRIGHT', 31, 'Scrum Master (SM)'),
(NULL, 'AT-abc8', 'ASHLEY RICHARDSON', 63, 'Product Owner (PO)'),
(NULL, 'AT-abc8', 'PAULA BRYANT', 95, 'Agile Team Member (ATM)'),
(NULL, 'AT-abc8', 'ELAINE STEVENS', 127, 'Agile Team Member (ATM)'),
(NULL, 'AT-abc8', 'JILL HAWKINS', 159, 'Agile Team Member (ATM)'),
(NULL, 'AT-abc8', 'JEANETTE GREENE', 191, 'Agile Team Member (ATM)'),
(NULL, 'AT-abc8', 'MELINDA FERNANDEZ', 223, 'Agile Team Member (ATM)'),
(NULL, 'AT-abc8', 'IRMA PEARSON', 255, 'Agile Team Member (ATM)'),
(NULL, 'AT-abc8', 'BECKY MILES', 287, 'Agile Team Member (ATM)'),
(NULL, 'AT-abc8', 'RONALD WEINER', 319, 'Agile Team Member (ATM)'),
(NULL, 'AT-abc8', 'JACK FOUST', 351, 'Agile Team Member (ATM)'),
(NULL, 'AT-abc8', 'MARTIN BALES', 383, 'Agile Team Member (ATM)'),
(NULL, 'AT-abc8', 'GLENN PULLEN', 415, 'Agile Team Member (ATM)'),
(NULL, 'AT-abc8', 'CLIFFORD BOWENS', 447, 'Agile Team Member (ATM)'),
(NULL, 'AT-abc8', 'ZACHARY HITE', 479, 'Agile Team Member (ATM)'),
(NULL, 'AT-abc8', 'CHESTER BENNER', 511, 'Agile Team Member (ATM)'),
(NULL, 'AT-abc8', 'LANCE PEMBERTON', 543, 'Agile Team Member (ATM)'),
(NULL, 'AT-abc8', 'ISAAC OGLESBY', 575, 'Agile Team Member (ATM)'),
(NULL, 'AT-abc9', 'AMY LOPEZ', 32, 'Scrum Master (SM)'),
(NULL, 'AT-abc9', 'JUDITH COX', 64, 'Product Owner (PO)'),
(NULL, 'AT-abc9', 'DIANA ALEXANDER', 96, 'Agile Team Member (ATM)'),
(NULL, 'AT-abc9', 'MARJORIE TUCKER', 128, 'Agile Team Member (ATM)'),
(NULL, 'AT-abc9', 'ERIN DUNN', 160, 'Agile Team Member (ATM)'),
(NULL, 'AT-abc9', 'LAURIE LAWRENCE', 192, 'Agile Team Member (ATM)'),
(NULL, 'AT-abc9', 'PEARL GARZA', 224, 'Agile Team Member (ATM)'),
(NULL, 'AT-abc9', 'MABEL HOLLAND', 256, 'Agile Team Member (ATM)'),
(NULL, 'AT-abc9', 'BOBBIE CRAIG', 288, 'Agile Team Member (ATM)'),
(NULL, 'AT-abc9', 'ANTHONY SCHWAB', 320, 'Agile Team Member (ATM)'),
(NULL, 'AT-abc9', 'ALBERT CROUSE', 352, 'Agile Team Member (ATM)'),
(NULL, 'AT-abc9', 'ERNEST STEPP', 384, 'Agile Team Member (ATM)'),
(NULL, 'AT-abc9', 'JEFFERY PINSON', 416, 'Agile Team Member (ATM)'),
(NULL, 'AT-abc9', 'MIGUEL BETANCOURT', 448, 'Agile Team Member (ATM)'),
(NULL, 'AT-abc9', 'COREY HAUSER', 480, 'Agile Team Member (ATM)'),
(NULL, 'AT-abc9', 'CECIL VINES', 512, 'Agile Team Member (ATM)'),
(NULL, 'AT-abc9', 'CODY NOLEN', 544, 'Agile Team Member (ATM)'),
(NULL, 'AT-abc9', 'MORRIS MCCARTER', 576, 'Agile Team Member (ATM)'),
(NULL, 'Team', 'full name', 0, 'role');

-- --------------------------------------------------------

--
-- Table structure for table `preferences`
--

CREATE TABLE `preferences` (
  `id` int(2) NOT NULL,
  `name` varchar(40) NOT NULL,
  `value` varchar(10) NOT NULL,
  `comments` varchar(50) DEFAULT NULL
) ENGINE=InnoDB DEFAULT CHARSET=latin1 COMMENT='for storing model and UI preferences';

--
-- Dumping data for table `preferences`
--

INSERT INTO `preferences` (`id`, `name`, `value`, `comments`) VALUES
(1, 'OVERHEAD_PERCENTAGE', '20', ''),
(2, 'AGILE_TEAM_MEMBER_ALLOCATION', '100', ''),
(3, 'PRODUCT_OWNER_ALLOCATION', '50', ''),
(4, 'SCRUM_MASTER_ALLOCATION', '50', ''),
(5, 'UPDATE_DEFAULT_CAPACITY', '1', '(0 is false; 1 is true)'),
(6, 'ART_SIZE_TEAMS_MIN_SAFE', '5', ''),
(7, 'ART_SIZE_TEAMS_MIN_ORG', '3', ''),
(8, 'ART_SIZE_TEAMS_MAX_SAFE', '9', ''),
(9, 'ART_SIZE_TEAMS_MAX_ORG', '15', ''),
(10, 'ART_SIZE_TEAM_MEMBERS_MIN_SAFE', '50', ''),
(11, 'ART_SIZE_TEAM_MEMBERS_MIN_ORG', '20', ''),
(12, 'ART_SIZE_TEAM_MEMBERS_MAX_SAFE', '125', ''),
(13, 'ART_SIZE_TEAM_MEMBERS_MAX_SAFE', '150', ''),
(14, 'PI_DURATION_WEEKS_MIN_SAFE', '8', ''),
(15, 'PI_DURATION_WEEKS_MIN_ORG', '12', ''),
(16, 'PI_DURATION_WEEKS_MAX_SAFE', '12', ''),
(17, 'PI_DURATION_WEEKS_MAX_ORG', '12', ''),
(18, 'NUMBER_OF_ITERATIONS_MIN_SAFE', '4', ''),
(19, 'NUMBER_OF_ITERATIONS_MIN_ORG', '6', ''),
(20, 'NUMBER_OF_ITERATIONS_MAX_SAFE', '6', ''),
(21, 'NUMBER_OF_ITERATIONS_MAX_ORG', '6', ''),
(22, 'DEVELOPER_IN_MULTIPLE_TEAMS_SAFE', 'FALSE', ''),
(23, 'DEVELOPER_IN_MULTIPLE_TEAMS_ORG', 'FALSE', ''),
(24, 'SCRUM_MASTER_SUPPORTS_MULTIPLE_TEAMS_SAF', 'TRUE', ''),
(25, 'SCRUM_MASTER_SUPPORTS_MULTIPLE_TEAMS_ORG', 'TRUE', ''),
(26, 'PRODUCT_OWNER_SUPPORTS_MULTIPLE_TEAMS_SA', 'TRUE', ''),
(27, 'PRODUCT_OWNER_SUPPORTS_MULTIPLE_TEAMS_OR', 'TRUE', ''),
(28, 'BASE_URL', 'www.Metro:', NULL),
(98, 'DEFAULT_ART', 'ST-300', NULL),
(99, 'DEFAULT_ART', 'Agile Rele', NULL);

-- --------------------------------------------------------

--
-- Table structure for table `training_calendar`
--

CREATE TABLE `training_calendar` (
  `training_id` varchar(30) NOT NULL,
  `course_name` varchar(40) NOT NULL,
  `course_code` varchar(5) NOT NULL,
  `trainer_number` varchar(10) NOT NULL,
  `trainer_last_name` varchar(30) NOT NULL,
  `trainer_first_name` varchar(30) NOT NULL,
  `location` varchar(30) NOT NULL,
  `start_date` date NOT NULL,
  `end_date` date NOT NULL,
  `no_of_days` int(2) NOT NULL,
  `status` varchar(10) NOT NULL,
  `cost` int(5) NOT NULL,
  `comments` varchar(50) DEFAULT NULL
) ENGINE=InnoDB DEFAULT CHARSET=latin1;

-- --------------------------------------------------------

--
-- Table structure for table `training_enrollment`
--

CREATE TABLE `training_enrollment` (
  `enrollment_no` int(5) NOT NULL,
  `training_id` varchar(30) NOT NULL,
  `employee_email` varchar(50) NOT NULL
) ENGINE=InnoDB DEFAULT CHARSET=latin1 COMMENT='For storing the enrollments (to be uploaded after each training)';

-- --------------------------------------------------------

--
-- Table structure for table `trains_and_teams`
--

CREATE TABLE `trains_and_teams` (
  `team_id` varchar(50) NOT NULL,
  `team_name` varchar(55) NOT NULL,
  `parent_name` varchar(55) DEFAULT NULL,
  `type` varchar(3) DEFAULT NULL
) ENGINE=InnoDB DEFAULT CHARSET=latin1;

--
-- Dumping data for table `trains_and_teams`
--

INSERT INTO `trains_and_teams` (`team_id`, `team_name`, `parent_name`, `type`) VALUES
('ART-400', 'Agile Release Train  400 (ST100)', 'ST-100', 'ART'),
('ART-401', 'Agile Release Train  401 (ST100)', 'ST-100', 'ART'),
('ART-402', 'Agile Release Train  402 (ST100)', 'ST-100', 'ART'),
('ART-403', 'Agile Release Train  403 (ST100)', 'ST-100', 'ART'),
('ART-404', 'Agile Release Train  404 (ST100)', 'ST-100', 'ART'),
('ART-405', 'Agile Release Train  405 (ST100) XYZ', 'ST-100', 'ART'),
('ART-500', 'Agile Release Train  500 (ST200)', 'ST-200', 'ART'),
('ART-501', 'Agile Release Train  501 (ST200)', 'ST-200', 'ART'),
('ART-502', 'Agile Release Train  502 (ST200)', 'ST-200', 'ART'),
('ART-503', 'Agile Release Train  503 (ST200)', 'ST-200', 'ART'),
('ART-504', 'Agile Release Train  504 (ST200)', 'ST-200', 'ART'),
('ART-600', 'Agile Release Train  600 (ST300)', 'ST-300', 'ART'),
('ART-601', 'Agile Release Train  601 (ST300)', 'ST-300', 'ART'),
('ART-602', 'Agile Release Train  602 (ST300)', 'ST-300', 'ART'),
('AT-700 ', ' Agile Team 700 ', 'ART-400', ' AT'),
('AT-701 ', ' Agile Team 701 ', 'ART-400', ' AT'),
('AT-702 ', ' Agile Team 702 ', 'ART-401', ' AT'),
('AT-703 ', ' Agile Team 703 ', 'ART-401', ' AT'),
('AT-704 ', ' Agile Team 704 ', 'ART-402', ' AT'),
('AT-705 ', ' Agile Team 705 ', 'ART-403', ' AT'),
('AT-706 ', ' Agile Team 706 ', 'ART-403', ' AT'),
('AT-707 ', ' Agile Team 707 ', 'ART-403', ' AT'),
('AT-708 ', ' Agile Team 708 ', 'ART-403', ' AT'),
('AT-709 ', ' Agile Team 709 ', 'ART-404', ' AT'),
('AT-710 ', ' Agile Team 710 ', 'ART-405', ' AT'),
('AT-800', '800 Agile Team', 'ART-600', 'AT'),
('AT-801', '801 Agile Team', 'ART-601', 'AT'),
('AT-802', '802 Agile Team', 'ART-601', 'AT'),
('AT-803', '803 Agile Team', 'ART-600', 'AT'),
('AT-804', '804 Agile Team', 'ART-601', 'AT'),
('AT-805', '805 Agile Team', 'ART-602', 'AT'),
('AT-806', '806 Agile Team', 'ART-600', 'AT'),
('AT-807', '807 Agile Team', 'ART-602', 'AT'),
('AT-808', '808 Agile Team', 'ART-602', 'AT'),
('AT-809', '809 Agile Team', 'ART-600', 'AT'),
('AT-810', '810 Agile Team', 'ART-602', 'AT'),
('AT-abc1', 'Agile Team 1000 1', 'ART-500', 'AT'),
('AT-abc10', 'Agile Team 1000 10', 'ART-504', 'AT'),
('AT-abc2', 'Agile Team 1000 2', 'ART-501', 'AT'),
('AT-abc3', 'Agile Team 1000 3', 'ART-502', 'AT'),
('AT-abc4', 'Agile Team 1000 4', 'ART-503', 'AT'),
('AT-abc5', 'Agile Team 1000 5', 'ART-504', 'AT'),
('AT-abc6', 'Agile Team 1000 6', 'ART-500', 'AT'),
('AT-abc7', 'Agile Team 1000 7', 'ART-501', 'AT'),
('AT-abc8', 'Agile Team 1000 8', 'ART-502', 'AT'),
('AT-abc9', 'Agile Team 1000 9', 'ART-503', 'AT'),
('ST-100', 'Solution Train 100', 'NA', 'ST'),
('ST-200', 'Solution Train 200', 'NA', 'ST'),
('ST-300', 'Solution Train 300', 'NA', 'ST');

-- --------------------------------------------------------

--
-- Table structure for table `users`
--

CREATE TABLE `users` (
  `id` int(11) NOT NULL,
  `first_name` varchar(50) NOT NULL,
  `last_name` varchar(50) NOT NULL,
  `email` varchar(100) NOT NULL,
  `hash` varchar(32) NOT NULL,
  `active` tinyint(1) NOT NULL DEFAULT '0',
  `role` varchar(32) NOT NULL DEFAULT 'USER',
  `ModifiedTime` timestamp NOT NULL DEFAULT CURRENT_TIMESTAMP ON UPDATE CURRENT_TIMESTAMP,
  `CreatedTime` datetime NOT NULL DEFAULT '0000-00-00 00:00:00'
) ENGINE=InnoDB DEFAULT CHARSET=utf8;

--
-- Dumping data for table `users`
--

INSERT INTO `users` (`id`, `first_name`, `last_name`, `email`, `hash`, `active`, `role`, `ModifiedTime`, `CreatedTime`) VALUES
(31, 'MASTER', 'ADMIN', 'siva.jasthi@metrostate.edu', '5b4da3d47ec8dbdffbd5eea70a28d8', 1, 'SUPER-ADMIN', '2019-02-06 18:52:04', '0000-00-00 00:00:00'),
(67, 'Test', 'User', 'user@test.com', '5b4da3d47ec8dbdffbd5eea70a28d832', 1, 'SUPER-ADMIN', '2018-05-30 18:01:28', '0000-00-00 00:00:00'),
(68, 'Test', 'User', 'test_admin@google.com', 'bf6f61616471c7d836e437301252d062', 1, 'SUPER-ADMIN', '2019-02-06 18:52:41', '0000-00-00 00:00:00');

--
-- Indexes for dumped tables
--

--
-- Indexes for table `cadence`
--
ALTER TABLE `cadence`
  ADD PRIMARY KEY (`sequence`);

--
-- Indexes for table `capacity`
--
ALTER TABLE `capacity`
  ADD PRIMARY KEY (`id`);

--
-- Indexes for table `ceremonies`
--
ALTER TABLE `ceremonies`
  ADD PRIMARY KEY (`name`);

--
-- Indexes for table `checklists`
--
ALTER TABLE `checklists`
  ADD PRIMARY KEY (`id`);

--
-- Indexes for table `employees`
--
ALTER TABLE `employees`
  ADD PRIMARY KEY (`number`);

--
-- Indexes for table `employee_identification`
--
ALTER TABLE `employee_identification`
  ADD PRIMARY KEY (`email_address`);

--
-- Indexes for table `membership`
--
ALTER TABLE `membership`
  ADD PRIMARY KEY (`team_name`,`number`,`role`);

--
-- Indexes for table `preferences`
--
ALTER TABLE `preferences`
  ADD PRIMARY KEY (`id`);

--
-- Indexes for table `training_calendar`
--
ALTER TABLE `training_calendar`
  ADD PRIMARY KEY (`training_id`);

--
-- Indexes for table `training_enrollment`
--
ALTER TABLE `training_enrollment`
  ADD PRIMARY KEY (`enrollment_no`);

--
-- Indexes for table `trains_and_teams`
--
ALTER TABLE `trains_and_teams`
  ADD PRIMARY KEY (`team_id`);

--
-- Indexes for table `users`
--
ALTER TABLE `users`
  ADD PRIMARY KEY (`id`);

--
-- AUTO_INCREMENT for dumped tables
--

--
-- AUTO_INCREMENT for table `cadence`
--
ALTER TABLE `cadence`
  MODIFY `sequence` int(11) NOT NULL AUTO_INCREMENT, AUTO_INCREMENT=69;

--
-- AUTO_INCREMENT for table `capacity`
--
ALTER TABLE `capacity`
  MODIFY `id` int(11) NOT NULL AUTO_INCREMENT, AUTO_INCREMENT=398;

--
-- AUTO_INCREMENT for table `users`
--
ALTER TABLE `users`
  MODIFY `id` int(11) NOT NULL AUTO_INCREMENT, AUTO_INCREMENT=69;
COMMIT;

/*!40101 SET CHARACTER_SET_CLIENT=@OLD_CHARACTER_SET_CLIENT */;
/*!40101 SET CHARACTER_SET_RESULTS=@OLD_CHARACTER_SET_RESULTS */;
/*!40101 SET COLLATION_CONNECTION=@OLD_COLLATION_CONNECTION */;
